zip_code,competitor_count,avg_competitor_rating,median_competitor_rating,avg_review_count,total_reviews,avg_price_tier,open_count,market_saturation_score,opportunity_score
,13,4.061538461538461,5.0,8.692307692307692,113,2.0,13,10.56,0.094
02037,1,3.9,3.9,39.0,39,,1,0.78,1.136
32836,1,4.9,4.9,16.0,16,,1,0.98,0.926
44403,1,5.0,5.0,10.0,10,1.0,1,1.0,0.909
77469,1,5.0,5.0,2.0,2,,1,1.0,0.909
90001,10,4.66,5.0,7.9,79,2.0,10,9.32,0.106
90002,3,4.466666666666667,4.4,6.666666666666667,20,2.0,3,2.68,0.36
90003,6,4.866666666666666,5.0,8.5,51,1.6666666666666667,6,5.84,0.168
90004,6,4.6499999999999995,4.699999999999999,175.5,1053,2.0,6,5.58,0.176
90005,8,4.1375,4.449999999999999,113.5,908,1.4,8,6.62,0.149
90006,15,4.486666666666666,4.8,63.266666666666666,949,1.5714285714285714,15,13.46,0.074
90007,8,4.6,5.0,78.875,631,1.6,8,7.36,0.134
90008,5,4.7,4.8,32.6,163,1.0,5,4.7,0.208
90010,1,4.9,4.9,88.0,88,1.0,1,0.98,0.926
90011,13,5.0,5.0,4.615384615384615,60,1.6666666666666667,13,13.0,0.076
90012,22,4.545454545454546,4.75,155.45454545454547,3420,1.8181818181818181,22,20.0,0.05
90013,19,4.636842105263158,5.0,57.8421052631579,1099,1.6666666666666667,19,17.62,0.056
90014,10,4.85,5.0,13.7,137,1.5714285714285714,10,9.7,0.102
90015,11,4.636363636363637,5.0,96.0909090909091,1057,1.8571428571428572,11,10.2,0.097
90016,13,4.269230769230769,4.5,35.69230769230769,464,1.5555555555555556,13,11.1,0.089
90017,7,3.5714285714285716,3.6,199.85714285714286,1399,1.4285714285714286,7,5.0,0.196
90018,4,5.0,5.0,3.5,14,2.0,4,4.0,0.244
90019,20,4.245,4.65,51.6,1032,1.7,20,16.98,0.059
90020,6,4.133333333333334,4.3,181.16666666666666,1087,2.0,6,4.96,0.198
90021,12,4.516666666666667,5.0,21.583333333333332,259,1.6666666666666667,12,10.84,0.091
90022,9,4.566666666666666,4.6,8.0,72,1.0,9,8.22,0.12
90023,10,4.71,5.0,33.9,339,1.1666666666666667,10,9.42,0.105
90024,11,3.9,3.8,304.90909090909093,3354,2.0,11,8.58,0.115
90025,17,4.452941176470588,4.9,114.82352941176471,1952,1.5,17,15.14,0.066
90026,21,4.504761904761905,5.0,78.95238095238095,1658,1.5833333333333333,21,18.92,0.053
90027,19,3.9210526315789473,3.7,134.78947368421052,2561,1.8333333333333333,19,14.9,0.067
90028,18,3.855555555555556,4.15,84.61111111111111,1523,1.75,18,13.88,0.072
90029,12,4.308333333333334,4.6,86.91666666666667,1043,1.875,12,10.34,0.096
90031,11,4.172727272727273,4.4,16.545454545454547,182,1.1428571428571428,11,9.18,0.108
90032,5,4.8,4.9,18.0,90,1.3333333333333333,5,4.8,0.204
90033,11,4.672727272727273,5.0,17.272727272727273,190,1.6,11,10.28,0.096
90034,12,3.891666666666667,3.95,187.25,2247,1.4545454545454546,12,9.34,0.106
90035,12,4.425,4.8,105.91666666666667,1271,1.8571428571428572,12,10.62,0.093
90036,26,4.188461538461539,4.5,312.65384615384613,8129,2.0,26,21.78,0.046
90037,2,4.7,4.7,4.5,9,,2,1.88,0.505
90038,14,4.178571428571429,4.35,101.07142857142857,1415,1.75,14,11.7,0.085
90039,8,4.3,4.5,213.0,1704,2.0,8,6.88,0.143
90040,2,4.5,4.5,5.0,10,,2,1.8,0.526
90041,9,4.133333333333334,4.5,147.22222222222223,1325,1.6666666666666667,9,7.44,0.133
90042,13,4.061538461538461,4.1,144.46153846153845,1878,1.5,13,10.56,0.094
90043,9,4.7555555555555555,5.0,151.44444444444446,1363,1.5,9,8.56,0.115
90044,11,4.309090909090909,4.7,16.727272727272727,184,1.75,11,9.48,0.104
90045,22,3.8545454545454545,3.9,81.0909090909091,1784,1.7857142857142858,22,16.96,0.059
90046,28,4.4,4.85,78.21428571428571,2190,1.8,28,24.64,0.04
90047,7,3.9857142857142853,4.8,28.142857142857142,197,1.5,7,5.58,0.176
90048,14,4.428571428571429,4.75,258.7857142857143,3623,2.0,14,12.4,0.08
90049,7,4.414285714285714,4.8,141.14285714285714,988,2.25,7,6.18,0.159
90056,2,4.7,4.7,42.0,84,1.0,2,1.88,0.505
90057,3,4.133333333333334,5.0,15.333333333333334,46,1.6666666666666667,3,2.48,0.388
90058,5,4.779999999999999,5.0,5.0,25,,5,4.78,0.205
90059,4,2.9000000000000004,3.5999999999999996,7.75,31,1.3333333333333333,4,2.32,0.413
90061,7,3.885714285714286,4.9,9.0,63,1.75,7,5.44,0.181
90062,2,5.0,5.0,4.0,8,,2,2.0,0.476
90063,5,4.8,4.9,22.8,114,1.75,5,4.8,0.204
90064,26,4.315384615384615,4.75,133.84615384615384,3480,1.8235294117647058,26,22.44,0.044
90065,10,4.6899999999999995,5.0,80.6,806,1.6666666666666667,10,9.38,0.105
90066,13,4.438461538461539,4.9,128.92307692307693,1676,1.6666666666666667,13,11.54,0.086
90067,8,4.1125,4.1,310.375,2483,2.1666666666666665,8,6.58,0.15
90068,4,3.275,3.8,256.75,1027,2.5,4,2.62,0.368
90069,15,4.246666666666667,4.2,110.33333333333333,1655,2.3333333333333335,15,12.74,0.078
90071,3,4.333333333333333,4.1,43.333333333333336,130,1.3333333333333333,3,2.6,0.37
90077,3,4.066666666666666,4.2,45.0,135,3.0,3,2.44,0.394
90089,3,4.3999999999999995,4.2,53.666666666666664,161,1.5,3,2.64,0.365
90094,4,3.9,3.8,197.25,789,2.0,4,3.12,0.311
90095,1,4.2,4.2,5.0,5,2.0,1,0.84,1.064
90189,3,4.466666666666666,4.6,17.0,51,1.0,3,2.68,0.36
90201,7,4.328571428571428,4.6,19.285714285714285,135,1.4,7,6.06,0.162
90209,2,4.7,4.7,58.0,116,2.5,2,1.88,0.505
90210,12,4.258333333333334,4.4,418.5833333333333,5023,2.75,12,10.22,0.097
90211,5,4.92,4.9,44.6,223,1.6666666666666667,5,4.92,0.199
90212,6,3.516666666666667,4.449999999999999,123.16666666666667,739,2.25,6,4.22,0.231
90220,9,4.344444444444445,4.6,25.666666666666668,231,1.6,9,7.82,0.126
90221,10,4.32,4.9,8.4,84,1.25,10,8.64,0.114
90222,1,3.8,3.8,97.0,97,1.0,1,0.76,1.163
90224,1,2.7,2.7,6.0,6,2.0,1,0.54,1.562
90230,10,3.81,3.75,225.4,2254,1.6666666666666667,10,7.62,0.13
90232,11,4.2727272727272725,4.6,223.1818181818182,2455,2.0,11,9.4,0.105
90240,4,3.575,3.5,113.0,452,2.0,4,2.86,0.338
90241,9,3.9000000000000004,4.1,1076.2222222222222,9686,1.75,9,7.02,0.14
90242,11,3.6727272727272724,4.1,63.18181818181818,695,1.7142857142857142,11,8.08,0.122
90245,13,4.0,4.2,107.07692307692308,1392,2.0,13,10.4,0.095
90247,19,4.310526315789474,4.8,27.473684210526315,522,1.75,19,16.38,0.061
90248,9,4.377777777777777,5.0,195.33333333333334,1758,1.8571428571428572,9,7.88,0.125
90249,7,4.628571428571428,5.0,29.857142857142858,209,1.5,7,6.48,0.152
90250,20,4.36,5.0,45.55,911,1.6666666666666667,20,17.44,0.057
90251,1,4.8,4.8,24.0,24,,1,0.96,0.943
90254,15,4.513333333333334,4.9,77.73333333333333,1166,2.0,15,13.54,0.073
90255,8,4.825,4.85,12.25,98,1.2,8,7.72,0.128
90260,7,3.8857142857142857,4.1,66.14285714285714,463,1.5,7,5.44,0.181
90262,10,4.5200000000000005,4.85,16.0,160,2.0,10,9.04,0.109
90265,1,3.9,3.9,169.0,169,,1,0.78,1.136
90266,19,3.547368421052631,3.7,176.05263157894737,3345,2.142857142857143,19,13.48,0.074
90272,8,3.9875,4.05,91.5,732,2.5,7,6.38,0.154
90274,12,3.9499999999999997,4.1,66.25,795,2.3333333333333335,12,9.48,0.104
90275,10,4.4799999999999995,4.65,69.1,691,2.0,10,8.96,0.11
90277,22,3.9863636363636363,4.1,169.6818181818182,3733,1.875,22,17.54,0.057
90278,16,4.13125,4.35,129.5625,2073,1.8181818181818181,16,13.22,0.075
90280,10,4.33,4.6,41.8,418,1.4285714285714286,10,8.66,0.114
90290,3,4.866666666666667,4.9,13.333333333333334,40,2.0,3,2.92,0.331
90291,15,4.346666666666667,4.4,117.4,1761,2.5555555555555554,15,13.04,0.076
90292,16,4.05,4.0,107.0,1712,2.0833333333333335,16,12.96,0.077
90293,5,3.5200000000000005,4.1,123.8,619,2.0,5,3.52,0.276
90301,9,4.188888888888889,4.5,49.0,441,1.3333333333333333,9,7.54,0.131
90302,9,4.233333333333333,4.6,44.888888888888886,404,1.5,9,7.62,0.13
90303,6,3.766666666666667,3.9,42.833333333333336,257,1.25,6,4.52,0.216
90304,6,4.6000000000000005,4.65,40.833333333333336,245,1.5,6,5.52,0.178
90305,3,4.0,3.7,44.0,132,2.0,3,2.4,0.4
90401,10,4.1,4.05,1012.2,10122,2.2222222222222223,10,8.2,0.12
90402,1,5.0,5.0,1.0,1,,1,1.0,0.909
90403,19,4.126315789473685,4.4,129.8421052631579,2467,2.3636363636363638,19,15.68,0.063
90404,11,4.418181818181818,4.9,211.0909090909091,2322,1.8571428571428572,11,9.72,0.102
90405,14,4.371428571428572,4.45,96.35714285714286,1349,1.75,14,12.24,0.081
90501,27,4.1000000000000005,4.6,65.85185185185185,1778,1.7857142857142858,27,22.14,0.045
90502,5,3.54,4.7,17.4,87,2.0,5,3.54,0.275
90503,17,3.9823529411764707,3.9,208.64705882352942,3547,2.090909090909091,17,13.54,0.073
90504,9,4.044444444444444,4.4,40.22222222222222,362,1.5,9,7.28,0.136
90505,26,3.9884615384615385,4.3,162.23076923076923,4218,1.8421052631578947,26,20.74,0.048
90509,1,3.4,3.4,71.0,71,1.0,1,0.68,1.282
90601,1,5.0,5.0,17.0,17,,1,1.0,0.909
90620,3,3.766666666666667,4.0,80.33333333333333,241,1.3333333333333333,3,2.26,0.424
90621,5,4.34,5.0,116.8,584,1.75,5,4.34,0.225
90623,7,4.257142857142857,4.8,33.142857142857146,232,2.5,7,5.96,0.165
90630,7,4.3428571428571425,4.5,38.857142857142854,272,1.5,7,6.08,0.162
90631,8,4.2,4.25,67.5,540,1.5,8,6.72,0.147
90638,8,4.075,4.05,41.625,333,1.6666666666666667,8,6.52,0.151
90640,14,4.307142857142857,4.75,105.71428571428571,1480,1.7142857142857142,14,12.06,0.082
90650,13,4.1,4.0,37.69230769230769,490,1.6,13,10.66,0.093
90660,3,2.466666666666667,2.4,73.33333333333333,220,1.6666666666666667,3,1.48,0.633
90670,1,3.7,3.7,56.0,56,1.0,1,0.74,1.19
90680,9,4.311111111111111,4.7,25.666666666666668,231,1.5,9,7.76,0.127
90701,8,4.275,4.45,76.625,613,1.625,8,6.84,0.144
90703,13,3.7615384615384615,4.3,175.84615384615384,2286,1.7777777777777777,13,9.78,0.101
90706,14,4.035714285714286,4.199999999999999,54.285714285714285,760,1.5555555555555556,14,11.3,0.088
90710,7,4.185714285714286,4.0,53.857142857142854,377,1.3333333333333333,7,5.86,0.168
90712,13,3.9846153846153842,3.9,158.6153846153846,2062,1.5,13,10.36,0.096
90713,9,3.488888888888889,3.3,115.66666666666667,1041,1.625,9,6.28,0.157
90715,4,3.275,4.05,68.0,272,1.3333333333333333,4,2.62,0.368
90716,3,4.066666666666666,4.6,32.666666666666664,98,1.0,3,2.44,0.394
90717,6,4.666666666666667,4.65,65.83333333333333,395,2.0,6,5.6,0.175
90720,13,4.3076923076923075,4.3,636.3076923076923,8272,2.0,13,11.2,0.088
90723,12,4.241666666666666,4.8,45.583333333333336,547,1.5,12,10.18,0.097
90731,18,4.4944444444444445,4.75,112.55555555555556,2026,1.6,18,16.18,0.061
90732,6,3.0500000000000003,2.95,137.0,822,2.0,6,3.66,0.266
90734,1,4.6,4.6,19.0,19,3.0,1,0.92,0.98
90740,12,4.075,4.25,313.25,3759,2.0,12,9.78,0.101
90742,1,4.8,4.8,26.0,26,2.0,1,0.96,0.943
90744,9,4.511111111111111,5.0,8.0,72,1.3333333333333333,9,8.12,0.122
90745,12,4.483333333333333,4.95,60.416666666666664,725,2.3333333333333335,12,10.76,0.092
90746,9,3.933333333333333,3.9,34.55555555555556,311,2.0,9,7.08,0.139
90749,1,5.0,5.0,10.0,10,,1,1.0,0.909
90755,3,3.233333333333333,3.3,134.66666666666666,404,1.5,3,1.94,0.49
90802,35,4.182857142857143,4.6,118.45714285714286,4146,1.7058823529411764,35,29.28,0.034
90803,28,4.110714285714286,4.2,169.92857142857142,4758,1.8571428571428572,28,23.02,0.043
90804,12,4.2749999999999995,4.449999999999999,33.0,396,1.3333333333333333,12,10.26,0.097
90805,20,4.05,4.35,50.65,1013,1.8181818181818181,20,16.2,0.061
90806,12,4.308333333333334,4.550000000000001,30.666666666666668,368,1.5,12,10.34,0.096
90807,19,4.378947368421053,4.6,103.05263157894737,1958,1.6875,19,16.64,0.06
90808,15,4.053333333333333,4.2,70.2,1053,1.9,15,12.16,0.082
90810,4,3.9,3.8,15.75,63,1.6666666666666667,4,3.12,0.311
90813,20,4.17,4.45,34.4,688,1.25,20,16.68,0.06
90814,9,4.166666666666667,4.3,104.33333333333333,939,1.8571428571428572,9,7.5,0.132
90815,16,4.01875,4.15,128.3125,2053,1.9166666666666667,16,12.86,0.077
90840,1,5.0,5.0,14.0,14,2.0,1,1.0,0.909
90899,1,4.5,4.5,2.0,2,,1,0.9,1.0
91001,7,4.171428571428572,4.1,119.57142857142857,837,1.3333333333333333,7,5.84,0.168
91006,9,4.022222222222222,4.1,74.77777777777777,673,1.75,9,7.24,0.136
91007,7,3.442857142857143,3.4,359.14285714285717,2514,1.8,7,4.82,0.203
91010,4,2.65,2.8,148.5,594,1.3333333333333333,4,2.12,0.45
91011,10,4.25,4.35,76.7,767,2.0,10,8.5,0.116
91016,6,3.75,3.9000000000000004,189.0,1134,1.8333333333333333,6,4.5,0.217
91020,5,4.1,4.3,166.6,833,1.8,5,4.1,0.238
91021,1,4.4,4.4,61.0,61,2.0,1,0.88,1.02
91024,2,4.75,4.75,79.0,158,2.0,2,1.9,0.5
91030,10,3.96,3.8,175.7,1757,2.0,10,7.92,0.125
91040,8,4.3,4.5,31.375,251,1.4285714285714286,8,6.88,0.143
91042,4,4.45,5.0,38.0,152,2.0,4,3.56,0.273
91066,1,4.7,4.7,10.0,10,2.0,1,0.94,0.962
91101,17,4.223529411764706,4.3,297.47058823529414,5057,2.0,17,14.36,0.069
91102,1,4.5,4.5,8.0,8,,1,0.9,1.0
91103,9,3.9777777777777774,3.7,153.77777777777777,1384,1.8333333333333333,9,7.16,0.138
91104,12,4.308333333333334,4.35,123.16666666666667,1478,1.2222222222222223,12,10.34,0.096
91105,8,3.625,3.8,414.0,3312,2.1666666666666665,8,5.8,0.169
91106,3,3.1666666666666665,2.7,62.666666666666664,188,2.0,3,1.9,0.5
91107,15,4.02,4.1,167.53333333333333,2513,1.9090909090909092,15,12.06,0.082
91108,1,4.6,4.6,2903.0,2903,,1,0.92,0.98
91201,5,4.9399999999999995,5.0,11.4,57,1.5,5,4.94,0.198
91202,3,4.133333333333333,4.6,69.66666666666667,209,2.0,3,2.48,0.388
91203,5,4.64,4.7,2574.0,12870,1.6,5,4.64,0.211
91204,4,3.85,4.15,82.25,329,1.3333333333333333,4,3.08,0.314
91205,8,4.1,4.4,90.5,724,1.6,8,6.56,0.15
91206,11,3.9909090909090907,4.3,266.0,2926,2.0,11,8.78,0.113
91207,2,5.0,5.0,11.5,23,1.0,2,2.0,0.476
91208,3,4.366666666666666,4.1,357.6666666666667,1073,1.6666666666666667,3,2.62,0.368
91210,1,3.7,3.7,1530.0,1530,3.0,1,0.74,1.19
91214,10,4.24,4.35,68.4,684,1.8333333333333333,10,8.48,0.117
91302,4,4.225,4.25,70.75,283,2.0,4,3.38,0.287
91303,11,4.254545454545454,4.4,86.0,946,1.6666666666666667,11,9.36,0.106
91304,2,4.6,4.6,20.0,40,2.0,2,1.84,0.515
91306,8,4.275,4.65,35.25,282,1.6,8,6.84,0.144
91307,7,3.9857142857142853,4.3,72.57142857142857,508,1.5,7,5.58,0.176
91311,18,3.9111111111111114,4.6,49.611111111111114,893,1.875,18,14.08,0.071
91316,11,4.236363636363636,4.2,165.45454545454547,1820,2.0,11,9.32,0.106
91324,19,3.9,4.1,294.5263157894737,5596,1.8333333333333333,19,14.82,0.067
91325,7,4.671428571428572,4.8,20.857142857142858,146,1.3333333333333333,7,6.54,0.151
91326,4,3.975,4.0,132.0,528,2.5,4,3.18,0.305
91331,11,4.4363636363636365,4.9,10.636363636363637,117,1.5,11,9.76,0.101
91335,17,4.564705882352941,5.0,29.235294117647058,497,1.6,17,15.52,0.064
91340,13,4.3307692307692305,4.8,20.076923076923077,261,1.5,13,11.26,0.088
91342,11,4.109090909090909,4.7,38.63636363636363,425,1.5,11,9.04,0.109
91343,7,4.414285714285714,5.0,52.285714285714285,366,1.4,7,6.18,0.159
91344,17,3.7176470588235295,4.0,81.94117647058823,1393,1.9,17,12.64,0.078
91345,8,4.4125,5.0,51.75,414,2.0,8,7.06,0.14
91352,14,4.121428571428572,4.0,39.0,546,1.1111111111111112,14,11.54,0.086
91353,1,5.0,5.0,6.0,6,,1,1.0,0.909
91355,1,5.0,5.0,5.0,5,2.0,1,1.0,0.909
91356,14,4.4714285714285715,5.0,74.5,1043,1.6666666666666667,14,12.52,0.079
91360,1,4.9,4.9,21.0,21,2.0,1,0.98,0.926
91362,1,4.9,4.9,186.0,186,2.0,1,0.98,0.926
91364,13,4.1923076923076925,4.9,136.07692307692307,1769,2.25,13,10.9,0.091
91366,1,4.5,4.5,31.0,31,,1,0.9,1.0
91367,6,3.85,4.550000000000001,89.0,534,1.5,6,4.62,0.212
91387,1,2.6,2.6,11.0,11,,1,0.52,1.613
91401,5,4.46,5.0,71.6,358,2.0,5,4.46,0.219
91402,8,4.2875,4.45,26.375,211,2.0,7,6.86,0.144
91403,9,4.222222222222222,4.3,103.77777777777777,934,3.0,9,7.6,0.13
91405,11,4.318181818181818,4.7,35.36363636363637,389,1.25,11,9.5,0.104
91406,15,4.0,4.3,87.2,1308,1.7142857142857142,15,12.0,0.083
91411,6,4.283333333333333,4.6,213.5,1281,2.0,6,5.14,0.191
91416,1,4.4,4.4,7.0,7,,1,0.88,1.02
91423,21,3.723809523809524,4.2,121.80952380952381,2558,2.0,21,15.64,0.064
91436,9,4.355555555555556,4.5,66.0,594,1.5,9,7.84,0.126
91497,1,3.6,3.6,170.0,170,2.0,1,0.72,1.22
91502,11,4.418181818181818,4.6,83.63636363636364,920,1.625,11,9.72,0.102
91504,7,4.385714285714286,4.4,104.85714285714286,734,2.0,7,6.14,0.16
91505,15,4.08,4.2,1040.5333333333333,15608,1.8,15,12.24,0.081
91506,6,4.266666666666667,4.35,97.0,582,2.0,6,5.12,0.192
91507,1,5.0,5.0,6.0,6,2.0,1,1.0,0.909
91601,12,4.533333333333333,4.95,57.583333333333336,691,1.7777777777777777,12,10.88,0.091
91602,5,4.3,4.5,139.8,699,1.5,5,4.3,0.227
91604,24,4.125,4.6,95.5,2292,2.25,24,19.8,0.05
91605,14,4.807142857142857,5.0,28.714285714285715,402,1.1666666666666667,14,13.46,0.074
91606,11,4.245454545454546,4.2,61.81818181818182,680,1.5555555555555556,11,9.34,0.106
91607,13,4.115384615384615,4.4,99.76923076923077,1297,1.5555555555555556,13,10.7,0.093
91706,2,4.7,4.7,23.5,47,1.0,2,1.88,0.505
91710,2,4.95,4.95,57.5,115,,2,1.98,0.481
91711,2,4.95,4.95,30.5,61,3.0,2,1.98,0.481
91724,1,5.0,5.0,5.0,5,,1,1.0,0.909
91730,1,3.5,3.5,309.0,309,2.0,1,0.7,1.25
91731,8,4.1125,4.35,27.5,220,1.4,8,6.58,0.15
91732,4,4.325,4.5,40.25,161,2.0,4,3.46,0.281
91733,10,4.55,4.8,55.8,558,1.5714285714285714,10,9.1,0.109
91739,3,3.033333333333333,2.6,163.33333333333334,490,1.5,3,1.82,0.521
91744,1,3.4,3.4,79.0,79,1.0,1,0.68,1.282
91748,2,5.0,5.0,7.0,14,,2,2.0,0.476
91752,8,4.5875,4.95,68.875,551,2.0,8,7.34,0.134
91754,6,3.85,3.95,132.16666666666666,793,1.75,6,4.62,0.212
91755,2,4.75,4.75,2.5,5,3.0,2,1.9,0.5
91761,1,4.6,4.6,9.0,9,,1,0.92,0.98
91764,1,3.6,3.6,31.0,31,1.0,1,0.72,1.22
91766,1,5.0,5.0,4.0,4,,1,1.0,0.909
91767,2,4.9,4.9,98.0,196,2.0,2,1.96,0.485
91770,9,4.366666666666666,4.8,36.666666666666664,330,1.4,9,7.86,0.126
91775,5,4.36,4.5,93.4,467,2.0,5,4.36,0.224
91776,8,4.3125,4.6,215.125,1721,2.2857142857142856,8,6.9,0.143
91780,4,3.525,3.5999999999999996,95.0,380,1.25,4,2.82,0.342
91786,1,5.0,5.0,16.0,16,,1,1.0,0.909
91801,8,3.9875,3.85,131.125,1049,1.8,8,6.38,0.154
91803,2,5.0,5.0,8.0,16,2.0,2,2.0,0.476
91902,7,4.114285714285715,4.4,73.0,511,1.5,7,5.76,0.171
91910,19,4.321052631578947,4.6,40.89473684210526,777,1.9,19,16.42,0.061
91911,24,4.345833333333333,4.55,52.416666666666664,1258,1.3846153846153846,24,20.86,0.048
91912,1,4.4,4.4,5.0,5,1.0,1,0.88,1.02
91914,3,4.266666666666667,4.4,176.0,528,2.0,3,2.56,0.376
91932,5,4.4399999999999995,4.8,22.4,112,1.5,5,4.44,0.22
91935,2,4.75,4.75,13.0,26,1.0,2,1.9,0.5
91941,7,4.342857142857143,4.7,81.85714285714286,573,1.8333333333333333,7,6.08,0.162
91942,17,4.370588235294117,4.8,83.52941176470588,1420,1.8571428571428572,17,14.86,0.067
91945,9,4.2444444444444445,4.8,45.666666666666664,411,2.0,9,7.64,0.129
91950,20,4.375,4.7,44.85,897,1.4166666666666667,20,17.5,0.057
91977,14,4.392857142857143,4.4,50.142857142857146,702,1.3636363636363635,14,12.3,0.081
91978,1,5.0,5.0,1.0,1,,1,1.0,0.909
92009,1,5.0,5.0,7.0,7,,1,1.0,0.909
92011,1,4.8,4.8,13.0,13,,1,0.96,0.943
92014,9,3.8444444444444446,4.0,85.22222222222223,767,2.1666666666666665,9,6.92,0.142
92019,7,3.7142857142857144,3.5,25.571428571428573,179,1.75,7,5.2,0.189
92020,16,3.78125,3.8,33.0625,529,2.0833333333333335,16,12.1,0.082
92021,14,4.385714285714285,4.55,51.857142857142854,726,1.7,14,12.28,0.081
92024,5,3.9799999999999995,5.0,17.0,85,2.0,5,3.98,0.245
92028,1,5.0,5.0,27.0,27,,1,1.0,0.909
92037,36,4.316666666666666,4.5,138.58333333333334,4989,2.0,36,31.08,0.032
92040,8,4.275,4.4,50.5,404,2.0,8,6.84,0.144
92064,2,4.35,4.35,55.0,110,1.0,2,1.74,0.543
92065,1,5.0,5.0,4.0,4,,1,1.0,0.909
92069,1,5.0,5.0,6.0,6,,1,1.0,0.909
92071,22,4.113636363636363,4.25,67.36363636363636,1482,1.6363636363636365,22,18.1,0.055
92081,1,4.2,4.2,934.0,934,2.0,1,0.84,1.064
92084,1,5.0,5.0,7.0,7,,1,1.0,0.909
92090,1,5.0,5.0,2.0,2,1.0,1,1.0,0.909
92092,1,5.0,5.0,10.0,10,1.0,1,1.0,0.909
92093,3,4.333333333333333,4.1,27.333333333333332,82,1.0,3,2.6,0.37
92101,83,4.309638554216868,4.6,217.2289156626506,18030,1.775,83,71.54,0.014
92102,18,4.688888888888889,4.95,53.55555555555556,964,1.7,18,16.88,0.059
92103,35,4.045714285714285,4.5,326.34285714285716,11422,1.7727272727272727,35,28.32,0.035
92104,25,4.352,4.4,97.64,2441,1.8125,25,21.76,0.046
92105,18,4.361111111111111,4.65,31.055555555555557,559,1.4444444444444444,18,15.7,0.063
92106,16,4.275,4.4,250.3125,4005,1.9166666666666667,16,13.68,0.073
92107,9,4.377777777777777,4.4,186.44444444444446,1678,1.8333333333333333,9,7.88,0.125
92108,15,4.473333333333333,4.4,92.13333333333334,1382,1.8333333333333333,15,13.42,0.074
92109,31,4.132258064516129,4.5,134.19354838709677,4160,2.0,31,25.62,0.039
92110,26,4.361538461538462,4.6,151.65384615384616,3943,1.8571428571428572,26,22.68,0.044
92111,31,4.251612903225807,4.4,141.29032258064515,4380,1.6842105263157894,31,26.36,0.038
92113,19,4.794736842105263,5.0,9.68421052631579,184,1.8571428571428572,19,18.22,0.055
92114,9,4.877777777777777,5.0,13.11111111111111,118,1.2,9,8.78,0.113
92115,19,4.231578947368422,4.5,53.94736842105263,1025,1.8,19,16.08,0.062
92116,14,4.4071428571428575,4.55,87.28571428571429,1222,1.75,14,12.34,0.08
92117,21,3.7047619047619045,3.8,57.714285714285715,1212,1.6666666666666667,21,15.56,0.064
92118,11,3.9272727272727277,3.6,157.1818181818182,1729,1.7777777777777777,11,8.64,0.114
92119,5,4.38,4.6,143.6,718,1.3333333333333333,5,4.38,0.223
92120,11,4.318181818181818,4.7,144.45454545454547,1589,1.7777777777777777,11,9.5,0.104
92121,19,4.5,5.0,40.473684210526315,769,1.75,19,17.1,0.058
92122,12,3.3083333333333336,3.8,264.4166666666667,3173,1.875,12,7.94,0.124
92123,16,3.8625,4.45,42.75,684,1.5,16,12.36,0.08
92124,4,3.3,2.9,69.5,278,2.0,4,2.64,0.365
92125,1,4.2,4.2,13.0,13,1.0,1,0.84,1.064
92126,26,3.6692307692307695,3.8,144.0,3744,1.5,26,19.08,0.052
92127,1,5.0,5.0,5.0,5,,1,1.0,0.909
92129,8,4.1125,4.6,54.125,433,1.75,8,6.58,0.15
92130,19,4.042105263157895,4.4,91.94736842105263,1747,2.0,19,15.36,0.065
92131,5,3.2600000000000002,4.2,98.6,493,2.0,5,3.26,0.298
92132,1,4.1,4.1,17.0,17,,1,0.82,1.087
92135,2,2.5,2.5,1.0,2,,2,1.0,0.909
92136,4,4.25,4.0,33.0,132,1.5,4,3.4,0.286
92138,1,5.0,5.0,1.0,1,,1,1.0,0.909
92139,1,3.3,3.3,113.0,113,2.0,1,0.66,1.316
92145,2,5.0,5.0,1.5,3,,2,2.0,0.476
92154,2,5.0,5.0,3.5,7,1.0,2,2.0,0.476
92155,1,5.0,5.0,2.0,2,,1,1.0,0.909
92161,1,4.4,4.4,37.0,37,1.0,1,0.88,1.02
92182,3,4.6000000000000005,5.0,20.0,60,1.0,3,2.76,0.35
92313,5,3.46,3.8,35.6,178,2.0,5,3.46,0.281
92316,9,3.744444444444445,4.0,15.333333333333334,138,1.6666666666666667,9,6.74,0.146
92324,32,3.871875,4.15,28.25,904,1.4375,32,24.78,0.04
92335,47,3.9936170212765956,4.4,22.0,1034,1.6666666666666667,47,37.54,0.027
92336,6,4.3500000000000005,4.55,45.333333333333336,272,1.0,6,5.22,0.188
92337,9,3.9000000000000004,4.0,67.11111111111111,604,1.6666666666666667,9,7.02,0.14
92346,1,4.8,4.8,135.0,135,2.0,1,0.96,0.943
92350,1,3.8,3.8,17.0,17,1.0,1,0.76,1.163
92354,7,3.757142857142857,3.6,67.71428571428571,474,1.5,7,5.26,0.187
92373,10,3.85,4.4,23.9,239,2.0,10,7.7,0.128
92374,3,4.8,5.0,30.333333333333332,91,,3,2.88,0.336
92376,15,3.7,4.0,34.06666666666667,511,1.5,15,11.1,0.089
92377,1,0.0,0.0,0.0,0,,1,0.0,10.0
92399,1,5.0,5.0,4.0,4,,1,1.0,0.909
92401,3,3.3333333333333335,5.0,2.6666666666666665,8,,3,2.0,0.476
92401-1500,1,5.0,5.0,7.0,7,,1,1.0,0.909
92408,10,3.97,4.5,23.6,236,1.5,10,7.94,0.124
92410,7,4.314285714285714,4.3,7.0,49,1.0,7,6.04,0.163
92411,3,4.8999999999999995,5.0,4.333333333333333,13,,3,2.94,0.329
92501,23,4.182608695652174,4.3,139.34782608695653,3205,1.625,23,19.24,0.052
92502,1,5.0,5.0,2.0,2,,1,1.0,0.909
92503,48,3.7583333333333333,4.15,45.708333333333336,2194,1.6111111111111112,48,36.08,0.028
92504,23,4.056521739130434,4.1,38.608695652173914,888,1.4166666666666667,22,18.66,0.053
92505,16,3.85625,4.3,28.8125,461,2.0,16,12.34,0.08
92506,17,4.294117647058823,4.7,72.3529411764706,1230,1.8888888888888888,17,14.6,0.068
92507,30,3.75,3.9499999999999997,55.3,1659,1.588235294117647,30,22.5,0.044
92508,14,4.007142857142857,4.1,62.285714285714285,872,1.6666666666666667,14,11.22,0.088
92509,23,3.9,4.2,32.52173913043478,748,1.3,23,17.94,0.055
92518,2,4.4,4.4,26.5,53,1.0,2,1.76,0.538
92521,1,5.0,5.0,1.0,1,,1,1.0,0.909
92551,5,4.0,5.0,11.2,56,2.0,5,4.0,0.244
92553,24,3.3791666666666664,3.55,29.25,702,1.4,24,16.22,0.061
92557,11,4.209090909090909,4.6,40.0,440,2.0,11,9.26,0.107
92570,1,5.0,5.0,6.0,6,,1,1.0,0.909
92584,1,4.9,4.9,13.0,13,,1,0.98,0.926
92592,1,5.0,5.0,1.0,1,,1,1.0,0.909
92602,8,4.0125,3.7,119.875,959,2.25,8,6.42,0.153
92603,7,3.8714285714285714,4.5,108.28571428571429,758,2.0,7,5.42,0.181
92604,12,3.6999999999999997,3.55,190.83333333333334,2290,1.75,12,8.88,0.111
92606,7,2.685714285714286,3.5,256.14285714285717,1793,1.75,7,3.76,0.259
92607,2,4.5,4.5,43.5,87,1.5,2,1.8,0.526
92610,3,4.766666666666667,5.0,9.0,27,2.0,3,2.86,0.338
92612,14,4.007142857142857,4.05,211.85714285714286,2966,2.0,14,11.22,0.088
92614,15,4.6466666666666665,5.0,48.8,732,1.6666666666666667,15,13.94,0.071
92615,1,0.0,0.0,0.0,0,,1,0.0,10.0
92617,1,5.0,5.0,11.0,11,1.0,1,1.0,0.909
92618,31,4.258064516129032,4.6,110.6774193548387,3431,1.8,31,26.4,0.038
92619,1,0.0,0.0,0.0,0,,1,0.0,10.0
92620,11,4.1000000000000005,5.0,72.63636363636364,799,1.8333333333333333,11,9.02,0.11
92624,7,4.271428571428571,5.0,20.142857142857142,141,1.5,7,5.98,0.164
92625,16,4.19375,4.4,235.25,3764,1.875,16,13.42,0.074
92626,34,4.176470588235294,4.75,91.47058823529412,3110,1.9375,34,28.4,0.035
92627,56,4.0125,4.35,117.58928571428571,6585,1.588235294117647,56,44.94,0.022
92628,1,4.5,4.5,111.0,111,,1,0.9,1.0
92629,22,4.159090909090909,4.2,156.54545454545453,3444,2.3333333333333335,22,18.3,0.054
92630,37,3.8054054054054056,4.1,55.4054054054054,2050,1.8235294117647058,37,28.16,0.035
92637,6,3.6,3.5999999999999996,120.33333333333333,722,1.3333333333333333,6,4.32,0.226
92646,22,4.340909090909091,4.65,59.0,1298,1.8333333333333333,22,19.1,0.052
92647,31,4.319354838709677,4.7,123.45161290322581,3827,1.8421052631578947,30,26.78,0.037
92648,33,4.296969696969697,4.3,78.75757575757575,2599,1.6111111111111112,33,28.36,0.035
92649,14,4.25,4.45,91.0,1274,2.0,14,11.9,0.083
92651,30,4.3933333333333335,4.5,202.33333333333334,6070,1.9333333333333333,30,26.36,0.038
92652,1,4.4,4.4,214.0,214,,1,0.88,1.02
92653,23,4.178260869565217,4.8,244.91304347826087,5633,1.4615384615384615,23,19.22,0.052
92656,12,4.3500000000000005,4.45,90.91666666666667,1091,1.8333333333333333,12,10.44,0.095
92657,8,3.1625,4.05,273.625,2189,2.4,8,5.06,0.194
92660,28,3.482142857142857,4.0,69.64285714285714,1950,2.125,28,19.5,0.051
92661,3,4.6000000000000005,4.4,103.0,309,2.0,3,2.76,0.35
92662,6,4.6000000000000005,4.6,61.5,369,1.6666666666666667,6,5.52,0.178
92663,12,3.8166666666666664,3.9,193.5,2322,1.6666666666666667,12,9.16,0.108
92672,5,4.220000000000001,4.7,61.8,309,1.6666666666666667,5,4.22,0.231
92673,7,3.4714285714285715,3.9,46.857142857142854,328,2.0,7,4.86,0.202
92675,22,3.972727272727273,4.1,72.68181818181819,1599,1.6923076923076923,22,17.48,0.057
92677,26,3.980769230769231,4.4,111.07692307692308,2888,2.0,26,20.7,0.048
92683,41,4.263414634146342,4.6,65.7560975609756,2696,1.4090909090909092,41,34.96,0.029
92688,2,4.05,4.05,76.0,152,2.0,2,1.62,0.581
92691,25,3.6319999999999997,3.6,91.64,2291,1.5333333333333334,25,18.16,0.055
92692,13,3.6538461538461537,4.0,87.92307692307692,1143,1.8571428571428572,13,9.5,0.104
92694,6,3.5,4.1,41.333333333333336,248,2.0,6,4.2,0.233
92697,2,3.8,3.8,17.0,34,1.5,2,1.52,0.617
92701,18,4.472222222222222,4.8,69.66666666666667,1254,1.25,18,16.1,0.062
92703,15,4.793333333333334,5.0,23.0,345,1.3333333333333333,15,14.38,0.069
92704,26,4.053846153846154,4.2,125.11538461538461,3253,1.6470588235294117,26,21.08,0.047
92705,22,4.363636363636363,4.699999999999999,122.0909090909091,2686,1.9230769230769231,22,19.2,0.052
92706,9,4.311111111111111,4.6,52.111111111111114,469,1.5,9,7.76,0.127
92707,19,4.484210526315789,4.7,12.894736842105264,245,1.3333333333333333,19,17.04,0.058
92708,25,4.112,4.4,38.0,950,1.5,25,20.56,0.048
92725,1,5.0,5.0,10.0,10,,1,1.0,0.909
92728,1,5.0,5.0,22.0,22,,1,1.0,0.909
92780,22,4.140909090909091,4.15,135.5909090909091,2983,1.6,22,18.22,0.055
92781,1,4.2,4.2,59.0,59,,1,0.84,1.064
92782,7,3.957142857142857,4.0,292.7142857142857,2049,2.25,7,5.54,0.177
92801,19,4.4263157894736835,4.9,94.26315789473684,1791,1.8,19,16.82,0.059
92802,15,4.426666666666667,4.6,32.8,492,1.4285714285714286,15,13.28,0.075
92803,1,4.3,4.3,471.0,471,2.0,1,0.86,1.042
92804,13,4.453846153846154,4.9,278.53846153846155,3621,1.5555555555555556,13,11.58,0.086
92805,7,4.442857142857143,5.0,65.0,455,2.0,7,6.22,0.158
92806,15,4.506666666666666,4.7,83.0,1245,1.5555555555555556,15,13.52,0.073
92807,9,4.122222222222223,4.5,113.55555555555556,1022,1.7142857142857142,9,7.42,0.133
92808,4,3.7,3.55,67.75,271,1.75,4,2.96,0.327
92821,9,4.533333333333333,5.0,124.44444444444444,1120,2.0,9,8.16,0.121
92823,1,3.4,3.4,659.0,659,3.0,1,0.68,1.282
92831,13,4.130769230769231,4.5,85.3076923076923,1109,1.6666666666666667,13,10.74,0.092
92832,9,4.155555555555555,4.1,63.888888888888886,575,1.25,9,7.48,0.132
92833,5,4.779999999999999,5.0,20.8,104,2.0,5,4.78,0.205
92835,3,4.233333333333333,4.1,44.333333333333336,133,2.0,3,2.54,0.379
92840,13,4.361538461538462,4.8,102.0,1326,1.375,13,11.34,0.087
92841,11,4.1454545454545455,4.3,69.45454545454545,764,1.8,11,9.12,0.108
92842,1,5.0,5.0,91.0,91,,1,1.0,0.909
92843,12,4.8999999999999995,5.0,138.75,1665,1.6666666666666667,12,11.76,0.084
92844,7,4.785714285714286,5.0,40.142857142857146,281,1.5,7,6.7,0.147
92845,5,4.38,4.8,108.0,540,1.6666666666666667,5,4.38,0.223
92846,1,5.0,5.0,8.0,8,,1,1.0,0.909
92860,3,4.533333333333334,4.9,33.666666666666664,101,1.0,3,2.72,0.355
92861,2,3.3,3.3,471.0,942,2.0,2,1.32,0.704
92865,9,4.0,3.8,101.66666666666667,915,2.142857142857143,9,7.2,0.137
92866,6,4.6499999999999995,4.65,84.66666666666667,508,1.75,6,5.58,0.176
92867,15,4.466666666666667,4.9,46.06666666666667,691,1.25,15,13.4,0.074
92868,12,4.575,4.699999999999999,66.66666666666667,800,1.5,12,10.98,0.09
92869,14,4.328571428571428,4.4,82.28571428571429,1152,2.0,14,12.12,0.082
92870,15,4.453333333333333,4.9,55.6,834,1.4444444444444444,15,13.36,0.074
92879,8,4.25,4.7,85.625,685,1.5,8,6.8,0.145
92880,1,4.7,4.7,55.0,55,,1,0.94,0.962
92881,1,5.0,5.0,13.0,13,,1,1.0,0.909
92883,1,0.0,0.0,0.0,0,,1,0.0,10.0
92886,9,4.166666666666667,4.0,89.66666666666667,807,2.0,9,7.5,0.132
92887,5,4.5600000000000005,5.0,54.8,274,1.5,5,4.56,0.215
93003,1,5.0,5.0,4.0,4,,1,1.0,0.909
93010,2,5.0,5.0,5.5,11,,2,2.0,0.476
93013,7,3.3285714285714287,4.0,50.714285714285715,355,2.2,7,4.66,0.21
93023,5,4.96,5.0,31.2,156,2.0,5,4.96,0.198
93035,1,5.0,5.0,4.0,4,,1,1.0,0.909
93067,7,4.042857142857143,4.5,30.571428571428573,214,2.3333333333333335,7,5.66,0.174
93101,110,4.165454545454545,4.75,73.37272727272727,8071,1.76,110,91.64,0.011
93102,1,5.0,5.0,4.0,4,,1,1.0,0.909
93103,36,3.341666666666667,4.0,56.111111111111114,2020,1.75,36,24.06,0.041
93105,36,3.738888888888889,4.0,91.55555555555556,3296,1.95,36,26.92,0.037
93106,4,4.725,4.75,2.75,11,,4,3.78,0.258
93108,25,4.0280000000000005,4.8,25.36,634,2.6666666666666665,25,20.14,0.049
93109,11,4.036363636363636,4.5,60.72727272727273,668,2.0,11,8.88,0.111
93110,6,3.9333333333333336,4.2,50.666666666666664,304,1.5,6,4.72,0.207
93111,16,3.5875,4.2,39.0625,625,2.2857142857142856,16,11.48,0.086
93117,37,3.8756756756756756,4.3,39.972972972972975,1479,1.6153846153846154,37,28.68,0.035
93121,2,4.9,4.9,16.0,32,4.0,2,1.96,0.485
93130,1,5.0,5.0,1.0,1,,1,1.0,0.909
93140,2,2.9,2.9,17.5,35,2.0,2,1.16,0.794
93190,4,2.15,2.0,134.25,537,3.0,4,1.72,0.549
93220,1,4.3,4.3,6.0,6,,1,0.86,1.042
93227,1,3.3,3.3,7.0,7,,1,0.66,1.316
93241,6,3.0833333333333335,3.8499999999999996,9.5,57,1.5,6,3.7,0.263
93250,1,4.8,4.8,16.0,16,,1,0.96,0.943
93263,1,5.0,5.0,6.0,6,,1,1.0,0.909
93291,1,3.2,3.2,6.0,6,,1,0.64,1.351
93301,34,3.9735294117647055,4.4,38.5,1309,1.6666666666666667,34,27.02,0.037
93304,30,3.496666666666667,4.0,39.1,1173,1.875,30,20.98,0.047
93305,16,3.95,4.85,6.9375,111,1.625,16,12.64,0.078
93306,28,3.9785714285714286,4.45,13.392857142857142,375,1.5714285714285714,28,22.28,0.045
93307,31,3.706451612903226,4.5,21.35483870967742,662,1.5454545454545454,31,22.98,0.043
93308,44,3.215909090909091,3.5,20.75,913,1.5789473684210527,44,28.3,0.035
93309,52,4.082692307692308,4.6,29.576923076923077,1538,1.826086956521739,52,42.46,0.023
93311,32,4.253125,4.5,47.96875,1535,2.0,32,27.22,0.037
93312,31,4.199999999999999,4.3,52.74193548387097,1635,1.8125,31,26.04,0.038
93313,24,4.2375,4.449999999999999,36.041666666666664,865,1.8181818181818181,24,20.34,0.049
93314,8,4.1,4.35,21.5,172,1.75,8,6.56,0.15
93387,1,5.0,5.0,1.0,1,2.0,1,1.0,0.909
93401,2,5.0,5.0,8.5,17,,2,2.0,0.476
93420,2,4.65,4.65,22.0,44,2.0,2,1.86,0.51
93454,1,4.7,4.7,16.0,16,,1,0.94,0.962
93535,1,5.0,5.0,5.0,5,,1,1.0,0.909
93536,1,0.0,0.0,0.0,0,,1,0.0,10.0
93611,16,4.0375,4.3,93.0625,1489,1.8,16,12.92,0.077
93612,36,3.9111111111111114,4.15,38.97222222222222,1403,1.411764705882353,36,28.16,0.035
93613,2,4.7,4.7,22.0,44,1.0,2,1.88,0.505
93619,9,4.466666666666667,4.9,15.666666666666666,141,,9,8.04,0.123
93625,6,4.133333333333334,4.65,20.0,120,1.5,6,4.96,0.198
93637,3,4.533333333333333,4.8,10.0,30,,3,2.72,0.355
93638,2,3.8,3.8,8.5,17,,2,1.52,0.617
93644,1,5.0,5.0,6.0,6,,1,1.0,0.909
93650,6,3.9333333333333336,4.1,98.5,591,1.5,6,4.72,0.207
93662,1,4.8,4.8,11.0,11,2.0,1,0.96,0.943
93701,11,4.372727272727273,5.0,12.454545454545455,137,1.5,11,9.62,0.103
93702,24,3.5875,4.45,10.416666666666666,250,1.4,24,17.22,0.058
93703,11,3.5545454545454547,4.0,34.45454545454545,379,1.2,11,7.82,0.126
93704,18,4.388888888888889,4.5,47.72222222222222,859,1.8888888888888888,18,15.8,0.063
93705,11,3.872727272727273,4.4,11.636363636363637,128,1.5,11,8.52,0.116
93706,26,3.8499999999999996,4.9,10.192307692307692,265,1.25,26,20.02,0.05
93710,25,4.012,4.4,29.84,746,1.5625,25,20.06,0.05
93711,45,3.826666666666666,4.3,33.46666666666667,1506,1.75,45,34.44,0.029
93720,35,3.74,4.2,31.428571428571427,1100,1.8333333333333333,35,26.18,0.038
93721,14,4.435714285714286,4.9,17.285714285714285,242,1.2,14,12.42,0.08
93722,25,3.7,4.4,23.04,576,1.3333333333333333,25,18.5,0.054
93723,1,5.0,5.0,2.0,2,,1,1.0,0.909
93725,8,3.45,4.45,16.75,134,1.6666666666666667,8,5.52,0.178
93726,27,4.033333333333333,4.5,47.03703703703704,1270,1.5333333333333334,26,21.78,0.046
93727,35,3.5771428571428574,4.2,18.6,651,1.3571428571428572,35,25.04,0.04
93728,14,4.485714285714286,4.699999999999999,18.642857142857142,261,1.2222222222222223,14,12.56,0.079
93730,1,4.6,4.6,33.0,33,2.0,1,0.92,0.98
93737,1,0.0,0.0,0.0,0,1.0,1,0.0,10.0
93740,2,4.05,4.05,56.0,112,2.0,2,1.62,0.581
93744,1,0.0,0.0,0.0,0,,1,0.0,10.0
93940,1,5.0,5.0,8.0,8,,1,1.0,0.909
94002,13,4.2,4.3,54.0,702,2.142857142857143,13,10.92,0.091
94005,2,4.5,4.5,7.0,14,2.0,2,1.8,0.526
94010,11,4.0,4.9,89.45454545454545,984,1.875,11,8.8,0.112
94014,15,4.566666666666666,4.9,32.53333333333333,488,1.625,15,13.7,0.072
94015,14,3.807142857142857,3.95,215.78571428571428,3021,1.8888888888888888,14,10.66,0.093
94016,2,4.05,4.05,11.0,22,,2,1.62,0.581
94019,1,4.0,4.0,190.0,190,,1,0.8,1.111
94020,1,4.1,4.1,68.0,68,2.0,1,0.82,1.087
94022,11,3.9272727272727277,4.3,193.45454545454547,2128,2.0,11,8.64,0.114
94024,5,3.8,3.8,250.8,1254,1.6666666666666667,5,3.8,0.256
94025,22,3.6636363636363636,4.1,91.5,2013,2.125,22,16.12,0.062
94026,1,5.0,5.0,1.0,1,,1,1.0,0.909
94027,3,4.133333333333334,3.9,33.0,99,2.0,3,2.48,0.388
94028,5,3.54,4.3,28.2,141,1.6666666666666667,5,3.54,0.275
94030,9,3.788888888888889,4.1,152.33333333333334,1371,1.6,9,6.82,0.145
94035,2,4.1,4.1,30.5,61,1.0,2,1.64,0.575
94040,19,3.4894736842105263,3.6,80.3157894736842,1526,1.8,19,13.26,0.075
94041,8,3.2249999999999996,4.199999999999999,96.25,770,2.0,8,5.16,0.19
94043,22,4.009090909090909,4.35,52.09090909090909,1146,1.8,22,17.64,0.056
94044,14,4.071428571428571,4.550000000000001,80.78571428571429,1131,1.8,14,11.4,0.087
94061,12,3.9499999999999997,4.199999999999999,84.66666666666667,1016,2.0,12,9.48,0.104
94062,11,4.254545454545454,4.3,113.81818181818181,1252,2.25,11,9.36,0.106
94063,25,4.0280000000000005,4.2,82.0,2050,1.7333333333333334,25,20.14,0.049
94065,2,4.1,4.1,171.5,343,2.0,2,1.64,0.575
94066,10,4.04,4.2,51.8,518,2.25,10,8.08,0.122
94070,18,4.772222222222222,4.9,94.5,1701,2.0,18,17.18,0.058
94071,1,4.2,4.2,91.0,91,2.0,1,0.84,1.064
94080,18,4.044444444444444,4.2,92.55555555555556,1666,1.4166666666666667,18,14.56,0.068
94083,1,4.2,4.2,10.0,10,1.0,1,0.84,1.064
94085,14,2.792857142857143,3.4000000000000004,72.35714285714286,1013,1.5,14,7.82,0.126
94086,10,4.45,4.9,43.4,434,1.6,10,8.9,0.111
94087,25,3.54,3.5,177.92,4448,1.8,25,17.7,0.056
94088,1,3.0,3.0,151.0,151,,1,0.6,1.429
94089,8,3.1,3.5,23.5,188,1.6,8,4.96,0.198
94101,1,4.8,4.8,471.0,471,,1,0.96,0.943
94102,25,4.696000000000001,5.0,42.6,1065,1.7857142857142858,25,23.48,0.042
94103,19,4.015789473684211,4.2,276.7894736842105,5259,1.9285714285714286,19,15.26,0.065
94104,1,4.4,4.4,115.0,115,2.0,1,0.88,1.02
94105,6,4.3999999999999995,4.65,199.83333333333334,1199,2.0,6,5.28,0.186
94107,24,4.429166666666666,4.95,255.29166666666666,6127,1.7272727272727273,24,21.26,0.047
94108,16,4.675,4.8,14.6875,235,1.6666666666666667,16,14.96,0.066
94109,19,4.352631578947369,4.6,299.8421052631579,5697,1.7272727272727273,19,16.54,0.06
94110,39,4.487179487179487,4.7,86.38461538461539,3369,1.6896551724137931,39,35.0,0.028
94111,13,4.553846153846154,4.6,339.53846153846155,4414,2.1,13,11.84,0.084
94112,10,3.8,4.35,240.8,2408,1.6666666666666667,10,7.6,0.13
94114,21,4.1380952380952385,4.4,123.0952380952381,2585,1.875,21,17.38,0.057
94115,19,4.38421052631579,4.3,116.57894736842105,2215,1.5714285714285714,19,16.66,0.06
94116,11,4.281818181818182,4.4,128.0,1408,1.4,11,9.42,0.105
94117,25,4.352,4.4,179.12,4478,1.8,25,21.76,0.046
94118,23,4.243478260869565,4.4,250.65217391304347,5765,2.090909090909091,23,19.52,0.051
94121,13,4.161538461538462,4.3,194.84615384615384,2533,2.0,13,10.82,0.092
94122,24,4.4125000000000005,4.55,103.70833333333333,2489,1.7333333333333334,24,21.18,0.047
94123,23,4.317391304347826,4.6,114.26086956521739,2628,1.75,23,19.86,0.05
94124,19,4.421052631578948,4.8,30.94736842105263,588,1.7272727272727273,19,16.8,0.059
94127,5,3.88,4.4,131.2,656,2.2,5,3.88,0.251
94129,11,4.7272727272727275,4.8,443.1818181818182,4875,1.0,11,10.4,0.095
94130,3,4.566666666666666,4.5,100.33333333333333,301,2.0,3,2.74,0.352
94131,7,4.5,5.0,140.14285714285714,981,2.0,7,6.3,0.156
94132,14,4.035714285714286,4.05,148.21428571428572,2075,2.1,14,11.3,0.088
94133,16,4.59375,4.7,156.6875,2507,1.6666666666666667,16,14.7,0.068
94134,9,4.344444444444445,4.6,50.333333333333336,453,1.1428571428571428,9,7.82,0.126
94158,3,4.233333333333333,4.3,90.0,270,2.0,3,2.54,0.379
94159,1,4.8,4.8,119.0,119,,1,0.96,0.943
94199,3,4.666666666666667,4.5,28.333333333333332,85,,3,2.8,0.345
94203,5,4.86,5.0,19.4,97,2.0,5,4.86,0.202
94232,2,5.0,5.0,9.0,18,,2,2.0,0.476
94248,1,5.0,5.0,10.0,10,,1,1.0,0.909
94301,12,4.441666666666666,4.65,118.08333333333333,1417,2.3333333333333335,12,10.66,0.093
94303,21,3.9095238095238094,4.6,83.33333333333333,1750,1.6666666666666667,21,16.42,0.061
94304,4,4.175,4.15,251.5,1006,2.3333333333333335,4,3.34,0.291
94305,9,4.155555555555555,4.3,33.77777777777778,304,2.0,9,7.48,0.132
94306,13,3.630769230769231,3.8,98.38461538461539,1279,1.7272727272727273,13,9.44,0.105
94309,1,4.0,4.0,71.0,71,2.0,1,0.8,1.111
94401,10,4.5,4.75,109.8,1098,2.3333333333333335,10,9.0,0.11
94402,4,4.4,4.3,95.0,380,1.3333333333333333,4,3.52,0.276
94403,15,3.42,4.0,87.73333333333333,1316,1.625,15,10.26,0.097
94404,11,4.409090909090909,4.3,70.54545454545455,776,1.6,11,9.7,0.102
94501,28,4.15,4.15,111.0,3108,1.7894736842105263,28,23.24,0.043
94502,1,4.0,4.0,4.0,4,,1,0.8,1.111
94505,1,4.8,4.8,12.0,12,,1,0.96,0.943
94506,1,3.9,3.9,23.0,23,,1,0.78,1.136
94507,7,2.8285714285714287,3.4,39.714285714285715,278,2.5,7,3.96,0.246
94509,1,3.2,3.2,53.0,53,1.0,1,0.64,1.351
94510,17,4.264705882352941,4.6,65.41176470588235,1112,1.8181818181818181,17,14.5,0.068
94517,9,4.166666666666667,5.0,43.22222222222222,389,2.0,9,7.5,0.132
94518,13,4.438461538461539,4.6,44.38461538461539,577,1.625,13,11.54,0.086
94519,13,4.269230769230769,4.8,22.23076923076923,289,2.0,13,11.1,0.089
94520,61,3.724590163934426,4.2,94.26229508196721,5750,1.5714285714285714,61,45.44,0.022
94521,14,3.742857142857143,3.7,76.92857142857143,1077,1.9090909090909092,14,10.48,0.095
94523,37,3.683783783783784,4.1,83.83783783783784,3102,1.7058823529411764,37,27.26,0.037
94525,2,4.9,4.9,11.0,22,2.0,2,1.96,0.485
94526,11,3.8636363636363638,4.2,68.45454545454545,753,1.8,11,8.5,0.116
94530,7,3.8000000000000003,3.9,154.71428571428572,1083,2.0,7,5.32,0.185
94531,1,4.9,4.9,8.0,8,,1,0.98,0.926
94533,2,4.95,4.95,14.0,28,,2,1.98,0.481
94534,3,4.6000000000000005,4.6,18.0,54,2.0,3,2.76,0.35
94536,21,4.357142857142857,4.5,50.0,1050,1.5555555555555556,21,18.3,0.054
94538,44,3.425,3.55,115.72727272727273,5092,1.75,44,30.14,0.033
94539,17,4.0058823529411764,4.3,84.70588235294117,1440,1.625,17,13.62,0.073
94540,1,4.5,4.5,8.0,8,1.0,1,0.9,1.0
94541,35,4.04,4.3,36.05714285714286,1262,1.368421052631579,35,28.28,0.035
94542,3,4.666666666666667,5.0,6.333333333333333,19,1.0,3,2.8,0.345
94544,37,4.148648648648648,4.4,33.45945945945946,1238,1.6842105263157894,37,30.7,0.032
94545,13,3.4384615384615387,3.9,26.46153846153846,344,2.2,13,8.94,0.111
94546,24,4.079166666666667,4.25,139.58333333333334,3350,1.8571428571428572,24,19.58,0.051
94547,1,5.0,5.0,4.0,4,,1,1.0,0.909
94549,22,3.6409090909090907,4.2,150.1818181818182,3304,2.0714285714285716,22,16.02,0.062
94550,1,4.6,4.6,15.0,15,,1,0.92,0.98
94551,1,5.0,5.0,44.0,44,2.0,1,1.0,0.909
94552,3,4.866666666666666,5.0,34.333333333333336,103,,3,2.92,0.331
94553,27,4.12962962962963,4.3,46.074074074074076,1244,1.4,27,22.3,0.045
94555,5,3.6199999999999997,4.1,211.6,1058,2.0,5,3.62,0.269
94556,8,3.0125,3.8,34.5,276,1.6666666666666667,8,4.82,0.203
94558,2,4.85,4.85,51.5,103,,2,1.94,0.49
94559,1,5.0,5.0,38.0,38,2.0,1,1.0,0.909
94560,37,4.032432432432432,4.5,52.62162162162162,1947,1.5,37,29.84,0.033
94561,1,4.6,4.6,132.0,132,2.0,1,0.92,0.98
94563,5,4.12,4.7,38.8,194,1.5,5,4.12,0.237
94564,9,4.055555555555555,4.3,84.33333333333333,759,1.4285714285714286,9,7.3,0.135
94565,30,4.38,4.75,35.9,1077,1.4,30,26.28,0.038
94566,24,3.966666666666667,4.25,130.875,3141,2.3333333333333335,24,19.04,0.052
94568,2,4.1,4.1,21.5,43,2.0,2,1.64,0.575
94577,9,4.677777777777778,5.0,57.333333333333336,516,2.0,9,8.42,0.117
94578,5,3.9,4.3,30.2,151,1.5,5,3.9,0.25
94579,9,3.322222222222222,3.9,65.11111111111111,586,1.0,9,5.98,0.164
94580,16,4.525,4.85,20.9375,335,1.375,16,14.48,0.069
94582,1,5.0,5.0,28.0,28,2.0,1,1.0,0.909
94583,2,4.95,4.95,35.5,71,2.0,2,1.98,0.481
94586,7,4.942857142857143,5.0,27.285714285714285,191,1.6666666666666667,7,6.92,0.142
94587,37,3.172972972972973,3.4,64.8108108108108,2398,1.4545454545454546,37,23.48,0.042
94588,10,3.5200000000000005,4.3,104.5,1045,1.75,10,7.04,0.14
94591,4,4.2,4.75,160.75,643,2.0,4,3.36,0.289
94592,1,5.0,5.0,5.0,5,,1,1.0,0.909
94595,10,3.94,4.75,36.5,365,1.75,10,7.88,0.125
94596,24,3.845833333333333,4.300000000000001,134.58333333333334,3230,2.0833333333333335,24,18.46,0.054
94597,11,3.7,4.0,147.45454545454547,1622,2.5,11,8.14,0.121
94598,20,4.055,4.4,77.4,1548,1.8571428571428572,20,16.22,0.061
94601,8,4.3,4.6,34.625,277,1.5,8,6.88,0.143
94602,5,3.7399999999999998,3.7,210.4,1052,2.0,5,3.74,0.26
94603,2,4.2,4.2,136.0,272,1.5,2,1.68,0.562
94605,8,4.1125,4.3,47.125,377,1.6666666666666667,8,6.58,0.15
94606,5,4.38,4.8,37.0,185,1.3333333333333333,5,4.38,0.223
94607,22,4.627272727272727,4.7,102.31818181818181,2251,1.4615384615384615,22,20.36,0.049
94608,12,4.45,4.75,78.08333333333333,937,1.7777777777777777,12,10.68,0.093
94609,10,4.29,4.4,93.8,938,2.0,10,8.58,0.115
94610,13,4.492307692307692,4.8,134.15384615384616,1744,1.625,13,11.68,0.085
94611,18,4.033333333333333,4.300000000000001,115.61111111111111,2081,1.8666666666666667,18,14.52,0.068
94612,16,4.575,4.7,90.875,1454,1.75,16,14.64,0.068
94618,9,4.211111111111111,4.6,137.55555555555554,1238,2.0,9,7.58,0.13
94619,6,4.333333333333333,4.75,130.83333333333334,785,2.0,6,5.2,0.189
94620,3,4.2,4.1,33.666666666666664,101,1.3333333333333333,3,2.52,0.382
94621,3,4.966666666666667,5.0,39.0,117,2.0,3,2.98,0.325
94701,7,4.542857142857143,4.6,78.57142857142857,550,2.0,7,6.36,0.155
94702,7,4.785714285714286,5.0,84.57142857142857,592,1.6666666666666667,7,6.7,0.147
94703,6,4.3999999999999995,4.449999999999999,374.1666666666667,2245,2.0,6,5.28,0.186
94704,6,4.733333333333333,4.9,89.16666666666667,535,2.0,6,5.68,0.173
94705,8,4.5125,4.85,118.625,949,2.5,8,7.22,0.137
94706,4,4.275,4.55,110.5,442,2.0,4,3.42,0.284
94707,9,3.922222222222222,4.3,123.66666666666667,1113,2.2857142857142856,9,7.06,0.14
94708,1,4.3,4.3,15.0,15,,1,0.86,1.042
94709,3,3.6,4.2,129.33333333333334,388,2.0,3,2.16,0.442
94710,8,4.3625,4.55,270.25,2162,2.0,8,6.98,0.141
94720,5,4.220000000000001,4.0,25.6,128,,5,4.22,0.231
94801,4,3.8,3.9,68.0,272,1.5,4,3.04,0.318
94803,2,4.7,4.7,9.0,18,,2,1.88,0.505
94804,12,4.5,4.6,88.5,1062,2.0,11,10.8,0.092
94805,8,3.775,3.8499999999999996,55.625,445,1.5,8,6.04,0.163
94806,7,4.071428571428571,4.3,84.85714285714286,594,1.6666666666666667,7,5.7,0.172
94904,1,4.9,4.9,46.0,46,2.0,1,0.98,0.926
94920,2,5.0,5.0,17.0,34,,2,2.0,0.476
94941,11,4.6454545454545455,5.0,33.18181818181818,365,2.2857142857142856,11,10.22,0.097
94952,3,4.7,4.9,40.0,120,2.3333333333333335,3,2.82,0.342
94956,2,5.0,5.0,11.0,22,,2,2.0,0.476
94960,1,5.0,5.0,7.0,7,,1,1.0,0.909
94965,5,4.66,4.8,50.2,251,1.0,5,4.66,0.21
95002,1,4.3,4.3,3.0,3,,1,0.86,1.042
95008,30,4.226666666666667,4.45,110.96666666666667,3329,1.8666666666666667,30,25.36,0.039
95014,25,3.668,3.9,129.32,3233,1.9,25,18.34,0.054
95015,1,5.0,5.0,1.0,1,,1,1.0,0.909
95030,5,3.28,3.9,26.0,130,1.5,5,3.28,0.296
95032,17,3.4647058823529413,3.8,88.41176470588235,1503,2.111111111111111,17,11.78,0.084
95033,1,5.0,5.0,6.0,6,,1,1.0,0.909
95035,40,3.5975,3.45,109.825,4393,1.6818181818181819,40,28.78,0.035
95036,1,5.0,5.0,9.0,9,,1,1.0,0.909
95039,1,4.4,4.4,103.0,103,2.0,1,0.88,1.02
95050,20,4.16,4.4,60.4,1208,1.6666666666666667,20,16.64,0.06
95051,20,3.935,4.05,74.7,1494,1.5,20,15.74,0.063
95052,2,3.8,3.8,18.0,36,1.5,2,1.52,0.617
95054,11,3.3363636363636364,3.5,144.8181818181818,1593,1.75,11,7.34,0.134
95060,1,5.0,5.0,6.0,6,,1,1.0,0.909
95070,7,4.514285714285714,4.8,46.42857142857143,325,2.0,7,6.32,0.156
95101,1,3.5,3.5,104.0,104,,1,0.7,1.25
95103,1,2.4,2.4,28.0,28,,1,0.48,1.724
95106,1,3.7,3.7,420.0,420,,1,0.74,1.19
95109,2,2.15,2.15,18.0,36,2.0,2,0.86,1.042
95110,9,3.966666666666667,4.1,121.77777777777777,1096,2.0,9,7.14,0.138
95111,8,4.1625,4.55,59.875,479,1.0,8,6.66,0.148
95112,34,4.514705882352941,4.7,29.147058823529413,991,1.6666666666666667,34,30.7,0.032
95113,18,4.105555555555556,3.9,185.33333333333334,3336,1.8888888888888888,18,14.78,0.067
95116,20,4.025,4.6,24.3,486,1.4166666666666667,20,16.1,0.062
95117,10,4.3,4.65,56.2,562,1.6,10,8.6,0.115
95118,14,3.914285714285714,4.05,164.85714285714286,2308,1.8,14,10.96,0.09
95119,1,3.7,3.7,38.0,38,2.0,1,0.74,1.19
95120,5,4.24,4.3,47.4,237,2.0,5,4.24,0.23
95121,8,4.6375,5.0,45.5,364,1.5,8,7.42,0.133
95122,16,4.0375,4.35,22.875,366,1.4285714285714286,16,12.92,0.077
95123,16,4.28125,4.55,52.625,842,1.6,16,13.7,0.072
95124,17,4.264705882352941,4.4,48.88235294117647,831,1.8181818181818181,17,14.5,0.068
95125,19,3.9473684210526314,4.3,69.73684210526316,1325,1.8888888888888888,19,15.0,0.066
95126,19,3.9421052631578952,4.1,146.68421052631578,2787,1.8,19,14.98,0.066
95127,14,4.5285714285714285,4.9,48.785714285714285,683,1.5714285714285714,14,12.68,0.078
95128,14,4.285714285714286,4.35,99.35714285714286,1391,1.4285714285714286,14,12.0,0.083
95129,17,3.8058823529411767,3.9,104.05882352941177,1769,1.9,17,12.94,0.077
95130,1,5.0,5.0,5.0,5,,1,1.0,0.909
95131,7,3.357142857142857,3.5,165.14285714285714,1156,2.0,7,4.7,0.208
95132,6,3.716666666666667,3.8,118.33333333333333,710,1.2,6,4.46,0.219
95133,10,3.4799999999999995,3.45,96.8,968,1.6,10,6.96,0.142
95134,5,4.7,4.9,25.6,128,3.0,5,4.7,0.208
95135,4,4.6,4.65,44.75,179,1.0,4,3.68,0.265
95136,6,3.8833333333333333,4.15,105.5,633,1.6,6,4.66,0.21
95138,4,3.875,4.15,124.5,498,2.3333333333333335,4,3.1,0.312
95139,3,3.733333333333333,3.1,30.666666666666668,92,1.0,3,2.24,0.427
95140,2,4.25,4.25,7.0,14,2.0,2,1.7,0.556
95148,12,3.8249999999999997,4.65,54.916666666666664,659,2.0,12,9.18,0.108
95152,1,5.0,5.0,5.0,5,,1,1.0,0.909
95161,1,5.0,5.0,8.0,8,1.0,1,1.0,0.909
95201,1,5.0,5.0,3.0,3,,1,1.0,0.909
95202,21,4.152380952380953,4.7,11.047619047619047,232,1.4285714285714286,21,17.44,0.057
95203,13,4.107692307692307,4.8,32.07692307692308,417,1.5,13,10.68,0.093
95204,27,4.122222222222222,4.6,31.444444444444443,849,1.6875,27,22.26,0.045
95205,31,3.7451612903225806,4.5,13.64516129032258,423,1.3125,31,23.22,0.043
95206,29,3.8448275862068964,4.6,17.862068965517242,518,1.6923076923076923,29,22.3,0.045
95207,59,3.7220338983050847,4.4,44.33898305084746,2616,1.6,59,43.92,0.023
95209,14,3.9785714285714286,4.1,46.214285714285715,647,1.625,14,11.14,0.089
95210,18,3.8055555555555554,3.8,53.55555555555556,964,1.3846153846153846,18,13.7,0.072
95212,15,3.5133333333333336,4.2,50.8,762,1.7142857142857142,15,10.54,0.094
95215,19,3.8736842105263154,4.2,19.157894736842106,364,1.7,19,14.72,0.067
95219,17,3.1941176470588233,3.5,41.0,697,1.4285714285714286,17,10.86,0.091
95231,5,4.4399999999999995,5.0,9.6,48,1.0,5,4.44,0.22
95240,3,4.033333333333333,3.9,37.666666666666664,113,1.0,3,2.42,0.397
95242,2,4.15,4.15,18.0,36,1.0,2,1.66,0.568
95316,1,0.0,0.0,0.0,0,,1,0.0,10.0
95330,12,3.591666666666667,3.3,24.916666666666668,299,1.4,12,8.62,0.115
95336,8,3.8,4.05,50.5,404,1.8,8,6.08,0.162
95337,2,2.5,2.5,3.0,6,,2,1.0,0.909
95350,2,4.55,4.55,35.5,71,2.0,2,1.82,0.521
95354,1,4.4,4.4,120.0,120,2.0,1,0.88,1.02
95377,2,5.0,5.0,3.5,7,,2,2.0,0.476
95381,1,5.0,5.0,6.0,6,,1,1.0,0.909
95401,1,5.0,5.0,6.0,6,,1,1.0,0.909
95409,1,5.0,5.0,5.0,5,,1,1.0,0.909
95438,1,0.0,0.0,0.0,0,,1,0.0,10.0
95451,1,5.0,5.0,5.0,5,,1,1.0,0.909
95603,2,1.7,1.7,33.5,67,1.0,2,0.68,1.282
95605,8,3.025,4.1,60.125,481,1.25,8,4.84,0.202
95607,1,2.8,2.8,756.0,756,2.0,1,0.56,1.515
95608,21,4.066666666666667,4.6,40.904761904761905,859,1.6,21,17.08,0.058
95610,23,3.9782608695652173,4.5,35.04347826086956,806,1.6,23,18.3,0.054
95616,66,3.7303030303030305,4.45,84.65151515151516,5587,1.8484848484848484,66,49.24,0.02
95617,1,5.0,5.0,6.0,6,,1,1.0,0.909
95618,21,3.3714285714285714,4.2,56.095238095238095,1178,1.8571428571428572,21,14.16,0.07
95619,1,4.5,4.5,66.0,66,2.0,1,0.9,1.0
95620,2,4.65,4.65,89.5,179,2.0,2,1.86,0.51
95621,17,3.411764705882353,3.5,64.88235294117646,1103,1.3,17,11.6,0.085
95624,3,4.033333333333333,3.8,84.33333333333333,253,1.5,3,2.42,0.397
95628,28,3.8464285714285715,4.25,37.0,1036,2.0,28,21.54,0.046
95630,50,4.048,4.3,64.4,3220,1.7692307692307692,50,40.48,0.025
95637,1,4.3,4.3,23.0,23,1.0,1,0.86,1.042
95645,3,2.2666666666666666,2.5,2.6666666666666665,8,1.0,3,1.36,0.685
95648,6,4.1499999999999995,4.550000000000001,57.833333333333336,347,2.0,6,4.98,0.197
95650,11,4.109090909090909,4.7,31.363636363636363,345,2.0,11,9.04,0.109
95652,2,3.8,3.8,48.5,97,2.0,2,1.52,0.617
95658,11,3.4909090909090907,4.6,53.09090909090909,584,1.6,11,7.68,0.129
95660,12,4.3500000000000005,4.699999999999999,10.416666666666666,125,1.1666666666666667,12,10.44,0.095
95661,27,3.1555555555555554,3.6,58.592592592592595,1582,1.9090909090909092,27,17.04,0.058
95662,11,4.390909090909091,4.6,34.72727272727273,382,1.0,11,9.66,0.102
95663,11,3.7818181818181817,4.6,12.636363636363637,139,1.6666666666666667,11,8.32,0.119
95667,1,4.9,4.9,14.0,14,,1,0.98,0.926
95670,8,4.2875,4.55,54.5,436,2.0,8,6.86,0.144
95673,7,4.242857142857143,4.8,12.428571428571429,87,2.0,7,5.94,0.166
95677,20,4.24,4.5,37.45,749,1.75,20,16.96,0.059
95678,44,3.686363636363636,4.0,88.27272727272727,3884,1.6538461538461537,44,32.44,0.031
95688,2,5.0,5.0,2.5,5,,2,2.0,0.476
95691,19,4.2,4.7,62.1578947368421,1181,1.5,19,15.96,0.062
95694,1,4.7,4.7,65.0,65,2.0,1,0.94,0.962
95695,53,2.9056603773584904,3.2,17.90566037735849,949,1.55,53,30.8,0.032
95697,2,0.5,0.5,0.5,1,3.0,2,0.2,3.333
95698,1,5.0,5.0,5.0,5,2.0,1,1.0,0.909
95713,1,5.0,5.0,4.0,4,,1,1.0,0.909
95742,3,4.966666666666667,5.0,6.666666666666667,20,,3,2.98,0.325
95746,13,3.8923076923076922,4.7,50.46153846153846,656,2.0,13,10.12,0.098
95747,35,4.06,4.7,33.57142857142857,1175,1.8461538461538463,35,28.42,0.035
95758,2,5.0,5.0,28.5,57,,2,2.0,0.476
95762,2,5.0,5.0,7.0,14,,2,2.0,0.476
95765,23,3.747826086956522,4.2,25.695652173913043,591,1.75,23,17.24,0.058
95776,53,2.983018867924528,3.0,31.58490566037736,1674,1.380952380952381,53,31.62,0.032
95799,1,5.0,5.0,6.0,6,,1,1.0,0.909
95811,12,4.191666666666666,4.6,84.58333333333333,1015,1.5,12,10.06,0.098
95814,31,3.8129032258064517,4.1,133.5483870967742,4140,1.7647058823529411,31,23.64,0.042
95815,16,3.76875,3.95,117.0,1872,1.5,16,12.06,0.082
95816,25,4.364,4.5,136.72,3418,1.9333333333333333,25,21.82,0.046
95817,7,4.185714285714286,4.3,36.714285714285715,257,1.2857142857142858,7,5.86,0.168
95818,20,4.175,4.3,114.7,2294,1.8333333333333333,20,16.7,0.06
95819,11,4.290909090909091,4.7,172.27272727272728,1895,1.8,11,9.44,0.105
95820,15,4.046666666666667,4.7,50.333333333333336,755,1.4285714285714286,15,12.14,0.082
95821,19,3.694736842105263,3.7,74.47368421052632,1415,1.7777777777777777,19,14.04,0.071
95822,12,4.458333333333333,4.7,67.25,807,1.8333333333333333,12,10.7,0.093
95823,33,3.712121212121212,4.0,69.75757575757575,2302,1.6470588235294117,33,24.5,0.041
95824,8,3.4625,4.300000000000001,19.125,153,1.25,8,5.54,0.177
95825,39,3.8333333333333335,4.2,59.15384615384615,2307,1.8235294117647058,39,29.9,0.033
95826,7,3.9285714285714284,4.0,43.0,301,2.25,7,5.5,0.179
95827,8,3.8625,4.6,13.75,110,1.0,8,6.18,0.159
95828,15,4.413333333333333,4.8,60.4,906,2.0,15,13.24,0.075
95829,4,1.925,2.0,51.0,204,1.5,4,1.54,0.61
95831,13,4.207692307692308,4.5,79.46153846153847,1033,1.5714285714285714,13,10.94,0.091
95832,7,4.242857142857143,4.5,93.28571428571429,653,1.75,7,5.94,0.166
95833,18,4.2444444444444445,4.55,37.55555555555556,676,1.2222222222222223,18,15.28,0.065
95834,19,4.052631578947368,4.0,59.05263157894737,1122,1.5,19,15.4,0.065
95835,10,4.01,4.35,62.7,627,1.75,10,8.02,0.123
95837,1,4.5,4.5,2.0,2,,1,0.9,1.0
95838,7,4.214285714285714,4.1,38.57142857142857,270,1.25,7,5.9,0.167
95841,13,4.023076923076923,4.3,14.846153846153847,193,1.1666666666666667,13,10.46,0.095
95842,15,3.853333333333333,4.6,32.666666666666664,490,1.8571428571428572,15,11.56,0.086
95843,12,3.5583333333333336,4.25,39.416666666666664,473,1.5,12,8.54,0.116
95864,8,4.025,4.65,78.75,630,1.75,8,6.44,0.153
96648,1,3.5,3.5,45.0,45,,1,0.7,1.25
96678,1,4.6,4.6,119.0,119,,1,0.92,0.98
L7C 2K6,1,0.0,0.0,0.0,0,,1,0.0,10.0
