zip_code,true_label,predicted_prob,predicted_label
92101,0,0.9996860521893451,1
94109,0,0.9978572297698526,1
90036,0,0.9974410967132392,1
90046,0,0.9944433359518121,1
92103,0,0.994130934105052,1
90034,0,0.9913309428448214,1
91505,0,0.9900571292777679,1
92618,0,0.9877801857023553,1
95014,0,0.9870479855439566,1
94087,0,0.9869645511456725,1
92109,0,0.985389058773221,1
90025,0,0.9844938631446882,1
90066,0,0.9836933558151288,1
94538,0,0.9820871783658579,1
95051,0,0.9812981637268655,1
92122,0,0.9800016312985703,1
92677,0,0.9769921547560892,1
92620,0,0.9760228277275137,1
92126,0,0.9739230016111586,1
95630,0,0.9736797483851707,1
95035,0,0.973201287954025,1
92130,1,0.9714755026720687,1
94501,1,0.9711484925793372,1
92128,0,0.9708145193276878,1
90277,0,0.9685941303829677,1
94086,0,0.9665886334541149,1
90024,0,0.9644922102536894,1
95008,0,0.9633349775453864,1
92104,0,0.961431491372079,1
90802,0,0.9605938767853675,1
94107,0,0.9600354299520115,1
90292,0,0.9582811539645865,1
90027,0,0.9577385262038162,1
92627,0,0.9559408971162301,1
95616,0,0.9557894971680507,1
94404,0,0.954718600695887,1
95123,0,0.9545170323617093,1
94536,0,0.9536492421662294,1
94040,0,0.9524213056857149,1
91709,0,0.952109230967121,1
90803,0,0.9512912180341653,1
90266,0,0.9510988929800829,1
92612,0,0.949718617143171,1
90503,0,0.9494691553648494,1
90045,0,0.9477926238772971,1
91203,0,0.9474460244616799,1
92660,0,0.9466438976141258,1
94568,0,0.946239523893498,1
92656,0,0.9448550716746127,1
92630,0,0.9429835989405826,1
90505,1,0.9427019606154374,1
94403,0,0.9357909473120428,1
90275,1,0.9322893744853403,1
93065,0,0.9312965588295725,1
94118,0,0.9306298717095992,1
91367,0,0.9304062893900825,1
92648,1,0.9302335230823735,1
94122,0,0.9297154891276755,1
92626,0,0.9274884900741345,1
92037,1,0.9265203010346836,1
95125,0,0.9249753876055163,1
90740,0,0.9246692122852098,1
95747,0,0.920273879689288,1
92646,0,0.916889607217439,1
92647,0,0.9167614127499916,1
92117,0,0.9156551084463708,1
91730,0,0.9146113899564386,1
90703,0,0.9113229574078215,1
90401,1,0.9104836647879588,1
91101,0,0.9079350116917266,1
95129,0,0.9075195427992647,1
95126,0,0.9072941103679413,1
94587,0,0.9032754434479906,1
92108,1,0.9025996416732527,1
95831,0,0.902441236723494,1
90064,1,0.9019903626390486,1
94080,0,0.9014460768191526,1
90291,0,0.9012903639759945,1
90094,0,0.9007405808821114,1
92129,0,0.900719054833013,1
94015,0,0.8988125367603045,1
94110,0,0.898161453690603,1
90278,0,0.8972887139287056,1
90049,0,0.8970802278848781,1
94043,0,0.8962604766563619,1
94610,0,0.8915414900387927,1
90026,0,0.8889757257470123,1
92692,1,0.8877920190933941,1
92124,0,0.887758836223005,1
90048,0,0.8873582574936061,1
90405,1,0.885242166107236,1
95134,0,0.8851232937354947,1
92606,0,0.8835493052020851,1
90403,0,0.8833909589239973,1
91423,0,0.8833345437644603,1
92056,0,0.8831976469260551,1
94558,0,0.8810997472462871,1
92127,0,0.8803097507841151,1
95050,0,0.8796250794208912,1
92782,0,0.8781150025931841,1
92708,0,0.8780868214558522,1
95678,0,0.8776488323251432,1
92024,1,0.8764807510134903,1
92592,0,0.8762515314098326,1
90250,0,0.8738479180253855,1
92116,0,0.8734231826526588,1
94608,0,0.8731730693705715,1
92131,0,0.8731535091649146,1
90230,0,0.8729388347236444,1
95060,0,0.8728325040489583,1
92886,0,0.8724589211991418,1
92604,1,0.8718850251987801,1
95608,0,0.8718269547059491,1
94566,0,0.8699334577585264,1
94523,0,0.8689427064993944,1
92653,0,0.8676567709405955,1
92614,0,0.8674363076403252,1
90720,0,0.8661014721827214,1
91601,0,0.8651533668883297,1
94539,0,0.8627114514108033,1
90019,0,0.8616997442781019,1
90028,1,0.8611999888214722,1
92637,0,0.8605662840779632,1
94306,0,0.8595067938936313,1
95124,0,0.8582602808053109,1
92009,0,0.8570886736970702,1
94546,1,0.8565358794602835,1
92602,0,0.8544306004776422,1
92111,0,0.8542751200675607,1
94117,0,0.8526485078615318,1
91108,0,0.8524865718034572,1
95758,0,0.850240718522275,1
94121,0,0.8486790137599403,1
91801,0,0.8483584475996935,1
92691,0,0.8458546170905031,1
92683,0,0.8457047112073988,1
93003,1,0.8450934834066418,1
94402,1,0.8433111267604636,1
95032,0,0.8429180987691759,1
92110,0,0.8425220008025487,1
95128,0,0.8424856040050112,1
92078,0,0.8421277250809058,1
93940,0,0.8413919206859114,1
93536,0,0.840939612796542,1
91107,0,0.8408797202520294,1
95136,0,0.839235438535296,1
92651,0,0.8390450685614099,1
94526,0,0.8382491177168114,1
92603,0,0.8366613905924543,1
91604,0,0.8365562211045179,1
90815,0,0.8363672539551239,1
90004,0,0.8362794621604632,1
93720,0,0.8357495631478405,1
95054,0,0.8331345523767779,1
94582,0,0.8325129049946208,1
93101,0,0.8324176961255236,1
94611,0,0.8307710029442238,1
95120,0,0.8305325149976044,1
95070,0,0.8286303051861234,1
94085,0,0.8283929551782446,1
90012,0,0.8266336925149441,1
90263,0,0.8250053645529203,1
94044,0,0.8224236071141768,1
92629,0,0.8224163910502102,1
94115,0,0.8223816832653265,1
94103,0,0.8214821743551546,1
92011,0,0.8212430185084834,1
94588,0,0.820545473618545,1
94025,0,0.8192827361354578,1
90035,0,0.8175068504217405,1
92107,0,0.8167792001916014,1
91765,0,0.8163283054229504,1
92663,0,0.8141193624738304,1
94061,0,0.8128206206587268,1
95835,0,0.8108550905925275,1
92649,1,0.8105244835695016,1
91007,0,0.8092803398296743,1
94553,0,0.8069519032371021,1
92883,0,0.8068216807562356,1
94089,0,0.806715865428348,1
90241,0,0.8054131821046467,1
90232,0,0.8050267646898523,1
94513,0,0.8045911159607515,1
90404,0,0.8044373062436813,1
93012,0,0.8041414933201085,1
94114,0,0.8040925234041552,1
94596,0,0.801114782420712,1
92625,0,0.8003372542618334,1
91030,0,0.7999766294889402,1
95648,0,0.7995548164735115,1
94030,0,0.799092488206608,1
90630,0,0.7988959479808375,1
94065,0,0.7979781291480108,1
91607,0,0.7979326512213225,1
92118,0,0.7973486450813746,1
94583,0,0.7972157494860547,1
93063,0,0.7965640831066881,1
94305,0,0.7963801803094201,1
94520,0,0.7959048410530136,1
94550,0,0.7946635613919728,1
92123,0,0.7933462504398036,1
91307,0,0.7922869480015997,1
90068,0,0.7914535300920525,1
91403,0,0.7881181784427701,1
93010,0,0.7875985374828798,1
91942,0,0.787534232279403,1
93105,0,0.7874321077566454,1
91326,0,0.7870728066569871,1
94022,0,0.7861424713159575,1
95687,0,0.7852697957918381,1
91320,0,0.7852466922253307,1
95062,0,0.7851243874868801,1
95135,0,0.7813993821830851,1
95112,0,0.7794198787942754,1
94541,0,0.779312124590514,1
92804,0,0.7792074189506457,1
90020,0,0.7771573014446115,1
95118,0,0.776816841627678,1
95053,0,0.776444083884222,1
90069,1,0.7762201646415798,1
94010,0,0.7760763813945076,1
94123,0,0.772050974942663,1
92688,0,0.7702068465763041,1
91789,0,0.7694014481087151,1
91105,0,0.7680965890636766,1
92115,0,0.7666691497022721,1
92807,0,0.7664510616646871,1
94595,0,0.7636084440401406,1
90254,0,0.7632138317102547,1
91913,0,0.7616962663366115,1
92057,0,0.7602013013478882,1
94041,0,0.7598300425577432,1
94533,0,0.7588682684625806,1
94116,0,0.7583541586338204,1
95816,0,0.7574865613920391,1
91206,0,0.7572997952156478,1
90042,0,0.7552576192114978,1
94066,0,0.7545719088800187,1
94506,0,0.7535293588978247,1
92821,0,0.7502832302856828,1
94002,0,0.7498811422599183,1
94903,0,0.7496821099388644,1
91364,0,0.7489781697199933,1
92657,0,0.7452196132514115,1
94928,0,0.74422190415348,1
90274,0,0.7437935115916846,1
91362,0,0.7437932157748488,1
91324,0,0.7433985808406504,1
95670,0,0.743270118572611,1
92780,0,0.7417851988996083,1
92672,0,0.7416736154372828,1
94024,0,0.7414857528786202,1
91602,1,0.7412941698236292,1
92071,0,0.739255641488098,1
92120,0,0.7390043509149071,1
91301,0,0.7386465106645113,1
90731,0,0.7383622117911883,1
91354,0,0.7365836382744115,1
90039,0,0.7365732143715957,1
92563,0,0.7361314302118682,1
94591,0,0.7360439837802061,1
92026,0,0.7355360578032805,1
95409,0,0.7346968115297856,1
94597,0,0.733388915159607,1
94304,0,0.7327896791651419,1
94551,0,0.7327356369324599,1
94401,0,0.7323939742506592,1
91786,0,0.7319661959287601,1
95404,0,0.7305308968758458,1
94954,0,0.7300600141976079,1
90807,0,0.7272808010024713,1
94547,0,0.7271320498915075,1
93117,0,0.7257293655326879,1
95762,0,0.7256491378731209,1
94521,0,0.7242786141387728,1
91316,0,0.7240290376767993,1
94560,0,0.722817525072124,1
95618,0,0.722193551093609,1
91106,0,0.7218815560266434,1
92870,0,0.7207825140758826,1
91011,0,0.7174938604114148,1
92064,0,0.7149380051424784,1
91360,0,0.7147139229043321,1
91311,0,0.7141632543582033,1
92694,0,0.7141143504911305,1
94901,1,0.7118294507686123,1
92880,0,0.7103781226332003,1
94555,0,0.7102324001132646,1
94565,0,0.7094846823156502,1
92350,0,0.7090435000208084,1
91016,0,0.7087082251542849,1
92008,0,0.7081820713501442,1
90639,0,0.707633210199075,1
92562,0,0.7067863632904697,1
94534,0,0.7065844443252248,1
94530,0,0.7063324189541133,1
92075,0,0.7036881653361534,1
94303,0,0.7029334833310222,1
93401,0,0.7022860146113897,1
94598,0,0.7015535261059351,1
95765,0,0.7011642953997083,1
90293,0,0.7003591686815068,1
94131,0,0.6994624553493776,1
94509,0,0.6950847164020426,1
91344,0,0.6927729652218522,1
95132,0,0.6926276830037463,1
90808,0,0.6922626325954134,1
92058,0,0.6920200525552302,1
91355,0,0.691857644224122,1
92092,0,0.6900515880966408,1
91104,0,0.689195499417639,1
94531,0,0.6867558276536181,1
95131,0,0.6865464555888509,1
90245,0,0.6839879818709245,1
94544,0,0.6774730369819506,1
91910,0,0.6774233275562119,1
95661,0,0.673092179013665,1
95825,0,0.6726110452527778,1
90015,0,0.6722539655840614,1
91915,0,0.6713552730706548,1
92106,1,0.6705300935387246,1
91335,0,0.669631369249204,1
91214,0,0.6680136196210912,1
95476,0,0.6641808822212268,1
95117,0,0.6625044401663759,1
92147,0,0.662426538431146,1
92054,1,0.6604058606247556,1
94552,0,0.6600466896831259,1
94706,0,0.6594789252369871,1
95403,0,0.6567631520853868,1
90504,0,0.6554986566994401,1
94102,0,0.6527585928379083,1
93711,0,0.6502333077951253,1
94132,0,0.6497794914430662,1
90712,0,0.6496206097677707,1
94502,0,0.6494491329314004,1
95757,0,0.6491598926352181,1
92069,0,0.646774452578562,1
94606,0,0.6462730134610021,1
90631,1,0.6443075714468407,1
95833,0,0.6425327446405785,1
95037,1,0.6423982748221172,1
94129,0,0.6419089816485354,1
92705,0,0.6410721678878645,1
90814,0,0.640462979586506,1
95355,0,0.6374428320999417,1
94952,0,0.6349498342745146,1
95926,0,0.6339110080946521,1
92808,0,0.6334165270724076,1
94703,0,0.6319757137243515,1
95207,1,0.6294194778508647,1
91711,1,0.6289166886903377,1
90212,0,0.6269369018432706,1
92591,0,0.6261921561657557,1
92081,0,0.6260342140271682,1
90005,0,0.6259334599801977,1
93455,0,0.6257694086208101,1
91304,0,0.6243935158709302,1
93619,0,0.6238887915898841,1
90210,0,0.6225756176822912,1
94577,0,0.6225011594989516,1
90732,0,0.621341266919512,1
94619,0,0.6211067479113783,1
91205,0,0.6194674562242806,1
92021,0,0.619054013563145,1
91773,0,0.6168166495695796,1
94127,0,0.6160261260864847,1
94605,0,0.6147568228975367,1
92010,0,0.6147033149821202,1
93103,0,0.6142222063846376,1
95391,0,0.6134517571849856,1
94549,1,0.613415080852585,1
95628,0,0.6120772576748941,1
92373,0,0.6094646902896371,1
95119,0,0.6079388456244237,1
92119,0,0.6075161774263841,1
91377,0,0.6070114366561431,1
94517,0,0.6066498704051241,1
94070,0,0.6060572214431384,1
93437,0,0.6056712225923149,1
95823,0,0.6055000933025135,1
94972,0,0.6030274598781422,1
90501,0,0.6025930827385935,1
95624,0,0.6020231592936294,1
92673,0,0.6008993820942972,1
92093,0,0.6004703508853394,1
91387,0,0.5987161785615622,1
94806,0,0.5966567543679545,1
91406,0,0.594548932273414,1
91361,0,0.592829160393386,1
91750,0,0.590387897456337,1
92679,0,0.590310450313671,1
91001,0,0.5896195069512411,1
92831,0,0.5889594699608819,1
93551,1,0.585808563152136,1
95148,0,0.5839621033419016,1
91356,0,0.5835772925403192,1
95821,0,0.5830730857170031,1
94590,0,0.579838144181656,1
91436,0,0.5789817521534807,1
93446,0,0.5778884307247771,1
91710,0,0.5770321403703875,1
90804,0,0.5762393139952391,1
95826,0,0.5757400309217146,1
94709,0,0.574313051743027,1
93611,0,0.572947888414963,1
90638,0,0.5726650437982037,1
95621,0,0.5724394238200871,1
95219,0,0.5713213618292591,1
94965,0,0.570372986994278,1
92833,0,0.5695273462180637,1
93420,0,0.5691966977606824,1
93950,0,0.5687800713436367,1
94510,0,0.5656305430077035,1
92610,0,0.56307483188508,1
91006,0,0.5622932586227616,1
94609,0,0.5576604657075153,1
94535,0,0.5571002230916937,1
95130,0,0.5563852139954303,1
91350,1,0.5560836213169943,1
91745,0,0.555639205165749,1
91748,0,0.5546063730333255,1
93722,0,0.5543825733895528,1
92091,0,0.5537248477767527,1
91701,0,0.552742144547554,1
93921,0,0.5515093035990277,1
92025,0,0.5510735063672243,1
94133,0,0.5506431105581705,1
91784,0,0.5501384960293274,1
92336,0,0.54986759239893,1
92882,0,0.5488662730439864,1
94710,0,0.5480836369997075,1
91780,0,0.5463422210956933,1
95610,0,0.545479209087111,1
90706,0,0.5451778729417789,1
90290,0,0.5407212022132843,1
92835,0,0.540080059591801,1
92020,0,0.5394298263453697,1
92823,0,0.539341750739474,1
94301,1,0.5387828195530664,1
95003,0,0.5382257536780006,1
90016,0,0.5369980201592586,1
94063,0,0.5359063274463286,1
91208,0,0.5348875891363897,1
92584,0,0.5346104020925007,1
91325,0,0.5336077831555773,1
91202,0,0.5307321107760828,1
93111,0,0.529916878779355,1
92029,0,0.5291021024936424,1
93021,0,0.5290540593787003,1
94949,0,0.5288038994607211,1
95688,0,0.528500383700775,1
90713,0,0.5284491506221777,1
90038,0,0.5276984047763852,1
92545,0,0.5268880363741908,1
92617,0,0.5235274676438846,1
94112,0,0.5230141457409229,1
91941,0,0.5223985998054718,1
90805,0,0.5211840538536344,1
94941,0,0.5198351192250512,1
96003,0,0.5191935161813442,1
95401,0,0.5189538549936266,1
90265,0,0.5169290250410165,1
91401,0,0.5161620359950422,1
90067,0,0.515901869752298,1
91754,0,0.5145119744241743,1
92374,0,0.5114725070550317,1
92675,0,0.5104553653021838,1
91020,0,0.5101100149129186,1
92399,1,0.5095803257764774,1
91739,0,0.5087393939967406,1
95903,0,0.5086152220279853,1
93004,0,0.5077898168341745,1
90065,0,0.5077828923860657,1
91302,0,0.5068641880764654,1
92211,0,0.5056285604838568,1
90247,0,0.5055917191078061,1
93001,0,0.504826841144242,1
94803,0,0.5046404789723518,1
94564,0,0.5030603836746241,1
95139,0,0.5016951842661055,1
95834,0,0.5007538096917122,1
92014,0,0.5004935096515604,1
90043,0,0.5001997746170597,1
95020,0,0.5000507101497192,1
91504,0,0.4998343388511395,0
95695,0,0.49971033653862745,0
91381,0,0.49615376055810856,0
94704,0,0.49603043926997625,0
91977,0,0.49450668845053847,0
95822,0,0.4943052935021657,0
93933,0,0.49383855103034774,0
95452,0,0.49115112314973375,0
92019,0,0.4904158544507102,0
95814,0,0.4867856539393344,0
94602,0,0.48608345731493,0
92503,0,0.4833157033266879,0
92260,0,0.48226379348217047,0
92201,0,0.480281383717357,0
90620,0,0.48006219801450034,0
93106,0,0.47991268121886793,0
95405,0,0.4777783419482903,0
95819,0,0.47656296999543785,0
90008,0,0.4764306427889792,0
92869,0,0.47478425118898276,0
91501,0,0.4747237354068848,0
92027,0,0.47467313458558813,0
93309,0,0.4740325727167238,0
92028,0,0.47317469867741757,0
95472,0,0.471937692760319,0
92801,0,0.47158671098578214,0
91502,0,0.4707483823451101,0
92845,0,0.47022518803185015,0
93312,0,0.4687099884463502,0
94947,0,0.46693083743073605,0
94578,0,0.4645117632925286,0
95677,0,0.46337041652526595,0
95843,0,0.4625830995408207,0
92507,0,0.4617073115737726,0
93308,0,0.4593477139801494,0
94940,0,0.45906571300024457,0
91708,0,0.45698158617411067,0
95742,0,0.45552566549019885,0
95973,0,0.4553572576693693,0
90746,0,0.45459030685244517,0
95928,0,0.45430680379667226,0
92253,0,0.4541779817254704,0
92105,0,0.4514948846673028,0
94556,0,0.45102464193366193,0
92154,0,0.45060028430997145,0
90041,0,0.4500442422883879,0
94804,0,0.4494540404198382,0
90056,0,0.4481768042379202,0
91911,0,0.4471787485462794,0
91737,0,0.44622961721275173,0
92840,0,0.446056825609117,0
95041,0,0.4459902674884198,0
93109,0,0.44594814221675966,0
94939,0,0.44447510985050553,0
92234,0,0.4435381926576792,0
95377,0,0.4434111194065267,0
93311,0,0.4428148956283941,0
90211,0,0.4406099572820669,0
93955,0,0.4403733563805667,0
94105,0,0.43864886871872344,0
91210,0,0.4382104683535352,0
95121,0,0.4381993317505066,0
90623,0,0.43612605706092566,0
93035,0,0.4357285125421749,0
91506,0,0.4351921842566402,0
95818,0,0.43470241370408436,0
92806,0,0.4341485973563269,0
94945,1,0.43306070766825133,0
94933,0,0.43293470537017353,0
92867,0,0.4325869137740609,0
92084,0,0.4321466865031564,0
92121,0,0.4311700399294716,0
95776,0,0.43095634216272555,0
94518,0,0.4306741663739312,0
94925,0,0.4298626737391831,0
92887,0,0.4284901101305236,0
94545,0,0.4268773673397252,0
95382,0,0.42668501076494875,0
93422,0,0.42072488822786935,0
92354,0,0.42061266717147305,0
91914,1,0.41915831574564977,0
92865,1,0.4188252298560996,0
91741,0,0.4177305693810907,0
95033,0,0.4173815140426448,0
95076,0,0.4172197591883417,0
91792,0,0.41554135124317726,0
92508,0,0.4147130796180457,0
92262,0,0.41177317704499766,0
92868,0,0.41072529736682695,0
94920,0,0.40806568793008435,0
95212,0,0.4071623530180859,0
94507,0,0.4070316979220045,0
92805,0,0.40566095840619665,0
92506,1,0.40504087409771594,0
90272,0,0.40496679549066844,0
95350,0,0.4049214829314946,0
92007,0,0.40477528986249484,0
94904,1,0.4043070299379488,0
94607,0,0.4037343884439252,0
95138,0,0.40345108281608966,0
93110,0,0.4034503693704416,0
93277,0,0.40321829996493497,0
94720,0,0.40308613187492687,0
91405,0,0.39981435012930977,0
95820,0,0.3993723701060798,0
94960,0,0.398568143873001,0
90089,0,0.39719930862757835,0
94062,0,0.3963742274098574,0
95492,0,0.39581180626128437,0
91775,0,0.3949999339386367,0
93108,0,0.3931636356868347,0
95133,0,0.393106420216065,0
95376,0,0.3908048112330229,0
91321,0,0.3898734221163127,0
95066,0,0.38739851176165574,0
90640,0,0.38653016399985957,0
90650,0,0.3846813891866695,0
94585,0,0.38435868076611734,0
92264,0,0.38434490528695586,0
95662,0,0.3831525388267245,0
92067,0,0.38053143435120124,0
91606,0,0.3800184799033351,0
91724,0,0.3791973406253509,0
95010,0,0.37838986129867713,0
93923,0,0.3777784578747548,0
91411,0,0.3772020940229698,0
90621,0,0.3758016089687022,0
91764,0,0.3738590052892077,0
95746,0,0.3735042247955054,0
91761,0,0.3734919166010187,0
94542,0,0.3719036299461512,0
93953,0,0.37152615426012225,0
94618,0,0.3709662535250979,0
91803,0,0.37026415979053934,0
92102,0,0.37019086747221397,0
94702,0,0.36777715949128187,0
94589,0,0.3657139834878224,0
95448,0,0.3648183626157486,0
93535,0,0.36476528397807306,0
94559,0,0.3637838925951848,0
93402,0,0.36310494411007965,0
93727,0,0.36276411313283047,0
90717,0,0.36231951868222173,0
91776,0,0.36226256234827736,0
92704,0,0.36188876579920637,0
91770,0,0.36166748197310283,0
94158,0,0.3603911957758307,0
94505,0,0.3601996361124147,0
95945,0,0.36004526816357263,0
95337,0,0.35796590843733556,0
94612,0,0.35764288894436486,0
90715,0,0.3574496036784467,0
95667,0,0.3568607827215184,0
95828,0,0.35426967152708005,0
92596,0,0.3523590946693402,0
92065,0,0.3522473558345106,0
91204,0,0.34798778259033264,0
93612,0,0.34749124494612005,0
92040,0,0.3444181618824528,0
94019,0,0.3437879917993321,0
95110,0,0.3437674965625836,0
95111,0,0.34345024908049515,0
91342,0,0.34329828920998695,0
93534,0,0.34241357776763515,0
91024,0,0.34208858376281825,0
95683,0,0.3413888972466431,0
90010,0,0.3393115266405229,0
90743,0,0.3391416825028444,0
92881,0,0.3390874039225441,0
94938,0,0.3388701234605207,0
91201,0,0.33875283323145,0
94708,0,0.3381831088609349,0
92223,0,0.33653208608926394,0
95691,0,0.33506428576048647,0
95603,0,0.3339381634386334,0
92203,0,0.333817783400984,0
93944,0,0.3316428639379361,0
92879,0,0.3315992217550569,0
94805,0,0.3306820208840827,0
91762,0,0.3284207789829646,0
93013,0,0.3273220941362532,0
92139,0,0.3268905658787176,0
90017,0,0.32681915134476025,0
93563,0,0.32613044483373055,0
95113,0,0.3234224513946671,0
91740,0,0.32282351607319765,0
95829,0,0.322526185678526,0
94579,0,0.3211538900707281,0
95127,0,0.3184418147494445,0
93730,0,0.3179716337097591,0
93230,0,0.31719968370427565,0
94561,0,0.3171242781331962,0
93036,0,0.3159037148260081,0
91791,0,0.3154574660586612,0
92377,0,0.3138708093269035,0
93405,0,0.3137941306620899,0
91766,0,0.3135021899514316,0
90755,0,0.3130530756853108,0
95018,0,0.31291003759518793,0
95242,0,0.31284730529652216,0
94503,0,0.3124259308887473,0
91010,0,0.3097270442408582,0
91351,0,0.3080007357861102,0
95682,0,0.30777954231358584,0
92555,0,0.3075094124944294,0
95993,0,0.3070941056986471,0
93465,0,0.30584284252685684,0
95420,0,0.3058059469551083,0
91790,0,0.30453463577134593,0
90302,0,0.30332232401345943,0
95336,0,0.30254317439729,0
93436,0,0.3023961125427785,0
95959,0,0.3021416017625621,0
90047,0,0.30143694574456814,0
94028,0,0.3006354759176737,0
95023,0,0.2980524164385046,0
92532,0,0.2980164618558119,0
92345,0,0.2974742691980912,0
95356,1,0.29735127357515007,0
91916,0,0.2964105656164183,0
91103,0,0.2959616355884597,0
95817,0,0.2959195874684343,0
92114,0,0.294977345132748,0
91702,0,0.29472396780767013,0
95211,0,0.29395636043768236,0
90601,0,0.29326837726030985,0
94014,0,0.291284725581778,0
91207,0,0.2882749602638885,0
93901,0,0.28802647950809257,0
95864,0,0.2870265857696238,0
94580,0,0.2866754777848375,0
92346,0,0.28563540123934467,0
90242,0,0.2851600166446717,0
96150,0,0.28487939733989714,0
91343,0,0.2841707033618458,0
91042,0,0.28303174373032497,0
93291,0,0.28237174412263144,0
93541,0,0.28225348455542615,0
92624,0,0.2820728227329485,0
90502,0,0.2815929171499866,0
92277,0,0.27909848082765826,0
95116,0,0.2775844504460081,0
90603,1,0.27707071419257584,0
94930,0,0.27537561831234414,0
95827,0,0.2752378068691566,0
93523,0,0.27492227491551774,0
95736,0,0.26840475786017226,0
95073,0,0.26746359662104124,0
92841,0,0.2668974714379343,0
90248,0,0.2668902735182924,0
95065,0,0.265800416235849,0
93023,0,0.2649917363405835,0
92530,0,0.26483953741573507,0
90029,0,0.26410284214206775,0
94705,0,0.26408237714719657,0
93444,0,0.2639534844913836,0
91950,0,0.2639250644886635,0
90701,0,0.26274311358577673,0
95407,0,0.26152988426325857,0
91306,0,0.25955755899707306,0
92155,0,0.2593853073573752,0
93043,0,0.2592859755550649,0
92324,0,0.2591101754757148,0
91390,0,0.2583178442809983,0
93449,0,0.2576375843115858,0
91605,0,0.2558677134134877,0
95842,0,0.25529053150149583,0
95841,0,0.2536377148765455,0
95030,0,0.2523135778446404,0
95209,0,0.2500432286062769,0
92505,0,0.24844194678504922,0
92844,0,0.24803640893069595,0
94601,0,0.24715851795600247,0
91722,0,0.2455759733812785,0
90402,0,0.24490100946852075,0
94575,0,0.24478022995486343,0
90680,0,0.24434183516478397,0
92310,0,0.24358945243400598,0
93710,0,0.24121832796181752,0
95240,0,0.24092027951231826,0
90018,0,0.24083063528086576,0
91755,0,0.24075246560285518,0
95811,0,0.23928880532234598,0
92866,0,0.23928533862520485,0
92586,0,0.23880356252639753,0
92553,0,0.2386563577988684,0
96161,0,0.2379036120199108,0
93906,0,0.2366738580234285,0
94027,0,0.23588727286619895,0
90260,0,0.23483861133611042,0
92083,0,0.2347636813103281,0
91902,0,0.23472288304491046,0
90710,0,0.23393997719165324,0
95002,0,0.23264558136916613,0
92832,0,0.23240403423053363,0
95005,0,0.23206651142940912,0
90249,0,0.23118133590245232,0
95991,0,0.23106666317153413,0
94707,0,0.23016633921933954,0
90604,0,0.22999371179096537,0
90745,0,0.22917140629384894,0
93737,0,0.2268687455427065,0
92557,0,0.2250843641359747,0
93555,0,0.22486723240838952,0
91945,0,0.22247335681836836,0
93550,0,0.22247045574796973,0
94956,0,0.2222600174131151,0
96002,0,0.22133242993999322,0
95304,0,0.221317139545668,0
94519,0,0.22068049915988885,0
94005,0,0.22059188133876909,0
95946,0,0.21961353523545035,0
92544,0,0.21865293361444044,0
92504,0,0.21859916978234253,0
91303,0,0.21832730332372843,0
93962,0,0.21694652665245828,0
94111,0,0.21656107382487136,0
93704,0,0.21584572584368922,0
93433,0,0.2149611616078789,0
91402,0,0.2127415117912853,0
90044,0,0.21254231408885352,0
91932,0,0.21211795261878075,0
94970,0,0.21077739766244658,0
92587,0,0.20991352488604764,0
92395,0,0.20949220406923347,0
90301,0,0.20889256715945007,0
92220,0,0.20819634749617347,0
91978,0,0.20792735054409503,0
92240,0,0.2067077758974008,0
90813,0,0.20612266126407214,0
92595,0,0.20609903898665569,0
95949,0,0.20541811653800682,0
92308,0,0.20499432475805626,0
91330,0,0.2046419354799372,0
95655,0,0.20407946616325623,0
95521,0,0.20280211013419813,0
94963,0,0.20059371406488158,0
95345,0,0.20051680108690445,0
92307,0,0.2000752508898148,0
95503,0,0.19829765016508333,0
93041,0,0.19826756330933107,0
93313,0,0.19801818388928602,0
94038,0,0.19747497441167045,0
93561,0,0.1955452350589586,0
96001,0,0.19351788358047634,0
93427,0,0.19328372042634157,0
93245,0,0.19226548266117618,0
91040,0,0.19149289500811933,0
94592,0,0.19085439261263076,0
93022,0,0.1896968266762905,0
92320,0,0.18928578862819384,0
94514,0,0.18783377979803,0
94603,0,0.1875490295763588,0
91767,0,0.18743792914702764,0
92392,0,0.18712626050729883,0
93257,0,0.18691647754123583,0
93442,0,0.18665854311099922,0
95380,0,0.1866218581283862,0
95612,0,0.1861860962691856,0
95602,0,0.18560957326614166,0
92404,0,0.1829206299574246,0
91125,0,0.1821463686604746,0
95361,0,0.18208936265871117,0
95436,0,0.18206979489415018,0
95450,0,0.1815567193819513,0
93274,0,0.18143405164057763,0
95330,0,0.1812578628187434,0
90006,0,0.1811687089526078,0
95370,0,0.18081943973375875,0
92802,0,0.18054806621136868,0
95838,0,0.17988167219870208,0
95675,0,0.17877762948069226,0
91901,0,0.17827813792925767,0
95045,0,0.17801412275805575,0
95815,0,0.17754374498757006,0
92861,0,0.1771335484922379,0
94548,0,0.17660258863342868,0
93306,0,0.1758603730418296,0
92843,0,0.17534718327971607,0
95620,0,0.17437620196678238,0
90305,0,0.1735107822094196,0
93454,0,0.1734706841736921,0
93314,0,0.17329125603142012,0
95501,0,0.17300742250255063,0
92585,0,0.17244879908281227,0
90806,0,0.1721992625697982,0
95122,0,0.1721131721400954,0
94929,0,0.17185961088191726,0
90014,0,0.17010038447450962,0
93292,0,0.1699272161923934,0
92407,0,0.16919137426446926,0
91732,0,0.16831620779712256,0
91706,0,0.1655841356733404,0
96080,0,0.16515046233297284,0
92284,0,0.16498611790178647,0
93030,0,0.1649489395440635,0
95366,0,0.1642413222434617,0
93740,0,0.1638779304108919,0
95519,0,0.16382197295038897,0
90742,0,0.1637479796226752,0
95204,0,0.1630741524764218,0
94957,0,0.16277042055910146,0
94586,0,0.16172019264394646,0
92135,0,0.16002922519309687,0
96126,0,0.15994480998504712,0
94572,0,0.1592925220818608,0
95482,0,0.15809638312790858,0
95830,0,0.1563969199841562,0
92145,0,0.1545545773709486,0
93726,0,0.15438743057380194,0
94931,0,0.1538321593601702,0
93907,0,0.1523127550972429,0
95901,0,0.15177803362252665,0
96121,0,0.15113145483554719,0
91352,0,0.1496774728780388,0
93514,0,0.14903093601056205,0
93428,0,0.14889293026352649,0
91384,0,0.1486737520785136,0
94134,0,0.14850800144454732,0
95210,0,0.14846830282996046,0
90240,0,0.14798813213251966,0
93067,0,0.1464410630731142,0
95006,0,0.14581292819621722,0
95017,0,0.14526770858348448,0
91763,0,0.14515611115853838,0
94576,0,0.14457353810790124,0
94108,0,0.14398086342351094,0
93042,0,0.14303464772433244,0
95550,0,0.14211991147667893,0
92543,0,0.14097651576760797,0
91008,0,0.13981811176032377,0
90031,0,0.13969076248816265,0
93246,0,0.13917525121111235,0
95660,0,0.13843318828636106,0
94574,0,0.1383239011290122,0
95246,0,0.13762330905430858,0
96145,0,0.13722796411540814,0
95224,0,0.1371218679925489,0
90007,0,0.13664881965207423,0
90660,0,0.1361834971204363,0
95467,0,0.13555540986960415,0
91723,0,0.1353784767499757,0
94508,0,0.13503782714484833,0
90670,0,0.1344783245747396,0
95632,0,0.13375267840189914,0
95064,0,0.13279093393816652,0
93460,0,0.1320508973087141,0
90723,0,0.1319369041738615,0
90602,0,0.1316114401847908,0
92134,0,0.1309568239948096,0
90605,0,0.13048462630734164,0
92369,0,0.12887671227460784,0
92582,0,0.12831301850470567,0
95962,0,0.1279769332953621,0
94525,0,0.12719737488766286,0
93432,0,0.12709935522218205,0
95348,0,0.12639093883577382,0
91752,0,0.1261321640034758,0
92376,0,0.12612869150481473,0
93015,0,0.12571039976613096,0
92860,0,0.12349076095653241,0
94020,0,0.12346401924700712,0
95966,0,0.12346122000112182,0
94599,0,0.12335035442831495,0
95570,0,0.12320952253853262,0
93463,0,0.12300934712362405,0
94571,0,0.12294624112291828,0
94563,0,0.12263632784040612,0
95379,0,0.12183616137508388,0
92313,0,0.12164722934876866,0
95368,0,0.12161272334743872,0
93271,0,0.12154225030253539,0
93410,0,0.12049899851241512,0
92706,0,0.12043127699027754,0
92335,0,0.12008686074916416,0
92140,0,0.11999592807393773,0
95460,0,0.11938832315088618,0
94567,0,0.11901036046095868,0
92501,0,0.11883018654875697,0
95651,0,0.1174875826975834,0
95357,0,0.11690859470316427,0
95465,0,0.11684761805592263,0
95469,0,0.11637806406443092,0
92270,0,0.11631575213937413,0
95354,0,0.11535167884774362,0
93651,0,0.1153227721419746,0
94973,0,0.11516523021730997,0
94946,0,0.11407594218913214,0
96067,0,0.11340132833579136,0
95301,0,0.11314950908226794,0
92305,0,0.11299972003955763,0
95075,0,0.11218327866351664,0
93908,0,0.11201233643545454,0
95456,0,0.1119439040713842,0
95340,0,0.11156275982086118,0
90057,0,0.11046712844471077,0
92278,0,0.11045582650120875,0
90303,0,0.11025196362171254,0
94937,0,0.11021053831580928,0
92317,0,0.11005153424356247,0
94516,0,0.1098303670462217,0
92344,0,0.1094797362603542,0
95531,0,0.10942780731777253,0
90822,0,0.10930995533267912,0
92661,0,0.10911804050452877,0
93060,0,0.10880009083974,0
90032,0,0.10876159696977891,0
95461,0,0.10865057184932399,0
95672,0,0.10864457604298897,0
90077,0,0.10852595836721993,0
91744,0,0.10847867675134212,0
90062,0,0.10812645881150025,0
91046,0,0.10796724027495522,0
92337,0,0.10639553825008934,0
91935,0,0.10625603551021709,0
92003,0,0.10562460339243883,0
95437,0,0.1054705533336537,0
94951,0,0.10456184311894934,0
90280,0,0.1036173189248273,0
95252,0,0.10344232683277418,0
94515,0,0.10339960504412259,0
95636,0,0.10333733618738823,0
95318,0,0.10179746782056315,0
94037,0,0.10132825259651172,0
95684,0,0.10107823835019139,0
92509,0,0.1009408066486297,0
91345,0,0.09946674716105885,0
93265,0,0.0992980521884648,0
95961,0,0.09899484238800342,0
95619,0,0.09855272212950959,0
96007,0,0.09850546473113118,0
95563,0,0.09830443889599322,0
95206,0,0.09814498955128094,0
92655,0,0.09813289260724792,0
93304,0,0.09767672326249771,0
92518,0,0.09738260481071838,0
95605,0,0.09729635393633361,0
91731,0,0.0968962515864588,0
95824,0,0.09637747475729173,0
92061,0,0.09569197806773327,0
92676,0,0.09530025143343791,0
90810,0,0.09494651261213077,0
95524,0,0.09451603360248119,0
93552,0,0.09436474461671726,0
92397,0,0.09426285574629147,0
95316,0,0.09376576684699539,0
95307,0,0.09359284325618977,0
92179,0,0.09287411490660863,0
93705,0,0.0926704002702746,0
96073,0,0.09212519676266995,0
93531,0,0.09181192269390549,0
95633,0,0.09160392925820991,0
94923,0,0.09071246395289674,0
93628,0,0.09041773560605651,0
94964,0,0.09037241599733983,0
90201,0,0.08992760516288208,0
94801,0,0.08985729739390524,0
92342,0,0.08948440460324879,0
92405,0,0.08941983779312936,0
95471,0,0.08929464745686064,0
95693,0,0.0879433745331071,0
95497,0,0.08745916668228941,0
95965,0,0.08722811162612676,0
92086,0,0.08655887852894452,0
93614,0,0.08638356748498378,0
92707,0,0.08637460592161127,0
95728,0,0.085962333556737,0
95668,0,0.0853254568286213,0
93409,0,0.08529554343236864,0
95253,0,0.08513847382553452,0
92382,0,0.08510176042989506,0
95046,0,0.08490987756426356,0
93667,0,0.08479197827873654,0
95320,0,0.0844798311511752,0
93430,0,0.0843643682393379,0
93723,0,0.0839613112517931,0
95247,0,0.08367661534255687,0
95451,0,0.08365897585426563,0
92571,0,0.08272047089699949,0
95540,0,0.08259756439473494,0
92311,0,0.08211794031177883,0
90704,0,0.08200478533384457,0
95425,0,0.08191337444660728,0
96128,0,0.08189917575527328,0
93635,0,0.08182740501615621,0
95690,0,0.08167923652367724,0
92359,0,0.08125318316383931,0
93451,0,0.08118937084973939,0
95681,0,0.08072636595471555,0
96108,0,0.08071409564825588,0
95363,0,0.08050381384851972,0
96074,0,0.0804951508152968,0
95692,0,0.08031383742773499,0
96148,0,0.08011364878430734,0
92055,0,0.08004086124905321,0
95722,0,0.07984783575960919,0
90606,0,0.0795556439674968,0
93553,0,0.07915671564255314,0
95671,0,0.07905426111225385,0
91962,0,0.078849495890067,0
95490,0,0.07872450013062567,0
95444,0,0.07842494802110513,0
92536,0,0.07777038056262381,0
92662,0,0.07738279113147549,0
93452,0,0.07689785698508762,0
95938,0,0.07601150712077773,0
96033,0,0.07580184550744037,0
90220,0,0.07567245364245442,0
93307,0,0.07544304478521588,0
95227,0,0.07543700073204544,0
95614,0,0.07543460304999762,0
95367,0,0.07420770269314668,0
95650,0,0.07415805258825629,0
92583,0,0.07408180084339738,0
95412,0,0.07398238564426836,0
93631,0,0.07382826072882197,0
95445,0,0.07381215477861881,0
93581,0,0.07351526437360788,0
92701,0,0.07333304464448726,0
93636,0,0.07318406472068376,0
92551,0,0.07255055176277976,0
93066,0,0.07251727917251323,0
92325,0,0.07243279124147751,0
95549,0,0.07149827911901345,0
94621,0,0.07115809454353997,0
92590,0,0.07101635815310314,0
95631,0,0.07078637942387223,0
92136,0,0.07072741343451319,0
95358,0,0.07037612775881347,0
95673,0,0.07009692211882672,0
93675,0,0.07007919482119797,0
95642,0,0.06988492179934644,0
90744,0,0.06774361739435268,0
96143,0,0.06742561393292425,0
95918,0,0.06713649065921375,0
96115,0,0.06711109889115108,0
93407,0,0.06699593849263911,0
96029,0,0.06698234844891404,0
95236,0,0.06681441593783347,0
91733,0,0.06673936461432205,0
96022,0,0.06616390407031217,0
93222,0,0.06596143832050388,0
96117,0,0.06559801005228298,0
91331,0,0.06543281247860047,0
90013,0,0.06535166571020648,0
95685,0,0.0651415334083157,0
92386,0,0.06494584171931711,0
92339,0,0.06442999191669518,0
92394,0,0.06431464270249479,0
92239,0,0.0642928257165699,0
93441,0,0.06426074600545245,0
95977,0,0.0642596899488254,0
95713,0,0.06412139042520347,0
92322,0,0.06392753564576009,0
96015,0,0.06385348782833708,0
95832,0,0.06370064434084259,0
94074,0,0.06340068757565817,0
95435,0,0.06328407154781059,0
96037,0,0.06310085016261689,0
93510,0,0.06309392600909476,0
95554,0,0.0628760932111568,0
93458,0,0.06236284999597895,0
93461,0,0.06202502685973095,0
95249,0,0.06165282481186115,0
94124,0,0.061479956827387765,0
90716,0,0.06099237274588668,0
95658,0,0.0608672689223861,0
95446,0,0.060742101012763595,0
96008,0,0.06071363727314064,0
93238,0,0.06059830014622071,0
92678,0,0.06056703915516586,0
92070,0,0.060461417791698446,0
95372,0,0.06021426279080446,0
92082,0,0.06018773001104744,0
95351,0,0.060132979731959905,0
92703,0,0.05984276922479033,0
92352,0,0.059689702485637354,0
95338,0,0.0595466420453284,0
96141,0,0.059304920337045805,0
95222,0,0.05905319840839207,0
93517,0,0.05878772841972647,0
96129,0,0.05877073298119287,0
96090,0,0.05818076624537016,0
96133,0,0.05801478500346712,0
95646,0,0.05801095189172777,0
95664,0,0.0576970633516376,0
91759,0,0.05748475051699069,0
95004,0,0.05728387049685388,0
95634,0,0.05702472574349771,0
95326,0,0.05695765540365631,0
96140,0,0.05667892458093883,0
95837,0,0.056244534078354655,0
93033,0,0.0557202558204768,0
95694,0,0.055597996387986105,0
95415,0,0.05521300288054573,0
95462,0,0.05487842114064156,0
96146,0,0.054494929171085935,0
95954,0,0.05448066502069713,0
94613,0,0.054423155485447794,0
92385,0,0.054343781071372416,0
93703,0,0.05405425334781926,0
95715,0,0.053732471094315594,0
95254,0,0.05371649845608741,0
93560,0,0.05336638573763484,0
92410,0,0.05310366410881875,0
95426,0,0.05296732069389287,0
91917,0,0.052519729222956384,0
94924,0,0.05238105192216842,0
91980,0,0.05237441386798755,0
96125,0,0.052369287220179854,0
95514,0,0.0520297340449237,0
91340,0,0.05197319332224528,0
91746,0,0.05193232458748675,0
94573,0,0.05182088215756499,0
91768,0,0.05171787201232664,0
90037,0,0.051318665069705637,0
90222,0,0.05036208566936001,0
93243,0,0.05005875197422762,0
92266,0,0.049626185807894,0
96078,0,0.04959381446245996,0
93445,0,0.04949264140856871,0
95659,0,0.04938106366183671,0
95607,0,0.04905356829610783,0
96006,0,0.04902016661854003,0
92314,0,0.04878996044870544,0
93664,0,0.048733823507806306,0
95626,0,0.04868695042000809,0
95948,0,0.04866186701414181,0
90022,0,0.04806137975148326,0
96056,0,0.04805966157634871,0
94569,0,0.04798647814159471,0
96021,0,0.04763587367282299,0
96097,0,0.047585205680910896,0
95709,0,0.0472035620520137,0
96107,0,0.04700862994618171,0
92276,0,0.04661495143437617,0
92036,0,0.0465991533794268,0
93728,0,0.04648537048214296,0
90255,0,0.04604165664184583,0
92570,0,0.045998494960521406,0
93512,0,0.04593822812175831,0
96092,0,0.045826681657701845,0
95701,0,0.04578391120499652,0
95698,0,0.045695888308922294,0
92113,0,0.04542859537947848,0
93657,0,0.04532909549937894,0
94018,0,0.04528334919284938,0
95665,0,0.04512791159655404,0
92372,0,0.045113633731154346,0
95039,0,0.04455478468394245,0
95386,0,0.044450835882486994,0
95220,0,0.04444814844730966,0
95203,0,0.044391875225860015,0
93625,0,0.04429232840403611,0
95202,0,0.04423857066353062,0
90304,0,0.044138908548432075,0
95410,0,0.044045856072201954,0
95935,0,0.04403977719296107,0
95383,0,0.04383805630922099,0
92371,0,0.043832028697076544,0
95640,0,0.04357065076670146,0
92378,0,0.04344695032017845,0
93637,0,0.04314040688939375,0
93644,0,0.043067755502663584,0
95321,0,0.04300643730239707,0
95221,0,0.042956288751757485,0
95635,0,0.04293821014287169,0
90221,0,0.0428608015056915,0
96019,0,0.042546412435615105,0
95305,0,0.04247222075842818,0
95205,0,0.042463112668788806,0
96142,0,0.04243285734539394,0
95228,0,0.04212199768141208,0
93545,0,0.04209694337230503,0
93591,0,0.04163062593118628,0
93654,0,0.041385253246267545,0
93526,0,0.04075713185668325,0
95971,0,0.04074301967235126,0
95629,0,0.040532894275844444,0
95963,0,0.04052140605241952,0
95969,0,0.04034692659176979,0
95421,0,0.039861171966278544,0
93930,0,0.03975492013543277,0
95494,0,0.039638416707844244,0
93662,0,0.03945232565393072,0
96114,0,0.03903080121670046,0
95466,0,0.0388172128751242,0
95917,0,0.038528104547484,0
95972,0,0.038485512630806566,0
90061,0,0.038463046387996414,0
95453,0,0.03839870524080434,0
93920,0,0.03831457953320446,0
92548,0,0.038199933293918735,0
93301,0,0.0381523569214155,0
93626,0,0.03795327030588098,0
95251,0,0.03792694212483119,0
95551,0,0.03775585590902752,0
95652,0,0.03758560251672482,0
92252,0,0.037189632502243934,0
92358,0,0.03705238631087328,0
92173,0,0.0370476011798133,0
95311,0,0.036912490153149444,0
95313,0,0.036866634172802885,0
92301,0,0.03679041086739736,0
95553,0,0.0367882123476311,0
90059,0,0.03653572058824984,0
95488,0,0.03652257762558916,0
95536,0,0.03610897207435043,0
95623,0,0.03603911437992447,0
93305,0,0.03590957983939124,0
92408,0,0.03568674932319167,0
92236,0,0.03564991151234691,0
93543,0,0.035642889465216515,0
91931,0,0.03540166687963267,0
93532,0,0.03538628234816266,0
95389,0,0.03537830605808196,0
92539,0,0.035315294371576704,0
96105,0,0.03517532626323522,0
95258,0,0.035014614651059074,0
92316,0,0.034965058906956746,0
95932,0,0.03494181693583958,0
92391,0,0.034794908514295925,0
95231,0,0.03474977995517528,0
95322,0,0.03438643031465442,0
93702,0,0.0343377075568955,0
93546,0,0.03397180870486602,0
95720,0,0.0338777660774768,0
92059,0,0.03377209226045096,0
96087,0,0.033719238030440614,0
95441,0,0.03367523411473137,0
93927,0,0.03353078740059172,0
92256,0,0.03352815035920165,0
92549,0,0.03336246442497392,0
95538,0,0.03331940164973209,0
96035,0,0.03317488531210877,0
95439,0,0.03316081861312953,0
95562,0,0.03308578358073941,0
95329,0,0.03259203516545353,0
96034,0,0.032364408375830676,0
95542,0,0.03205464751589485,0
95968,0,0.03201400839121719,0
93905,0,0.03199980660375474,0
93221,0,0.03187453828938207,0
95573,0,0.03164961210383509,0
93928,0,0.03137374299681557,0
95019,0,0.03133322752677542,0
96084,0,0.03130760536103928,0
95975,0,0.03127528777814358,0
96088,0,0.031260725976915024,0
96135,0,0.031072343593464516,0
95324,0,0.031034481609141275,0
95637,0,0.030932314162867593,0
95306,0,0.0308451966557631,0
92243,0,0.030765308778906868,0
95007,0,0.03068012442962717,0
94971,0,0.03061931753353195,0
91963,0,0.03054106920653769,0
95385,0,0.03045234726445171,0
93215,0,0.030349466326816323,0
95464,0,0.030325010681946492,0
93602,0,0.03031927891795156,0
95215,0,0.030228187821141343,0
96076,0,0.030147967447192378,0
90063,0,0.029966238460272385,0
96124,0,0.029849519105543523,0
95012,0,0.029847982449900074,0
90262,0,0.029605018183618406,0
95937,0,0.029554027164439098,0
93549,0,0.029418271130931435,0
96130,0,0.02939049419882914,0
93669,0,0.029239793887603678,0
90040,0,0.02910890403779773,0
95387,0,0.029040777306757404,0
93610,0,0.029038353542014183,0
93424,0,0.028946836582335156,0
95312,0,0.02852280988233963,0
95988,0,0.028379476947773628,0
93609,0,0.028360202528291873,0
93725,0,0.02820703016929722,0
93706,0,0.028188341684868327,0
90033,0,0.02797720995158577,0
95942,0,0.02796785973621669,0
95627,0,0.027698990811332872,0
95245,0,0.027440146231646693,0
95458,0,0.027406936143229314,0
91906,0,0.027406721474334456,0
95638,0,0.027396950482115864,0
91948,0,0.027357746068553953,0
95422,0,0.027279389191296313,0
93630,0,0.02723769054999423,0
93653,0,0.026966360797697254,0
92368,0,0.02696298447622808,0
96025,0,0.026960413232503897,0
90270,0,0.02694631700581738,0
93287,0,0.026442549759930784,0
93225,0,0.026247849731956818,0
93924,0,0.026183863852538253,0
96058,0,0.026162573105672996,0
93040,0,0.026051733235444463,0
92411,0,0.025844589887354233,0
95663,0,0.02575870634669033,0
95913,0,0.02527826048067029,0
93529,0,0.025158666814220767,0
95982,0,0.025149846836351658,0
93202,0,0.025126343563367258,0
93721,0,0.025110833951140794,0
95237,0,0.024989666664787982,0
90003,0,0.02496553016556851,0
96106,0,0.024889335187434723,0
90058,0,0.02476409153534098,0
95703,0,0.024720916008726553,0
96103,0,0.02436240033569282,0
92567,0,0.024331042582759158,0
90002,0,0.02427150488780465,0
95560,0,0.024256095886828106,0
95558,0,0.024199937821365872,0
95955,0,0.024181732948639137,0
95315,0,0.024092689694759778,0
95457,0,0.02402252666503167,0
94021,0,0.024019803538320113,0
92241,0,0.023769036188420065,0
93604,0,0.023731059054817562,0
93621,0,0.023612542617810435,0
93926,0,0.02353673022929884,0
92315,0,0.023472767968194634,0
95327,0,0.023313640318406006,0
95556,0,0.023299688427951597,0
90023,0,0.023267198067640223,0
94130,0,0.02306119327182824,0
95334,0,0.02281770636894406,0
95527,0,0.022623418128119962,0
95689,0,0.02255688529835314,0
96104,0,0.02239055333224905,0
95319,0,0.02238595934583913,0
95468,0,0.02237052241283087,0
95912,0,0.02235222655016812,0
92332,0,0.022255499127769283,0
95925,0,0.022192651253293266,0
93254,0,0.022123861014173168,0
95419,0,0.022123320585301694,0
95485,0,0.022077390410904677,0
93501,0,0.022067053417877968,0
95449,0,0.022042696637018848,0
92389,0,0.021682898553217086,0
92285,0,0.021626370309503127,0
92401,0,0.02141982824091506,0
95360,0,0.021398534738667662,0
93240,0,0.021277336443987528,0
96009,0,0.021103340282719246,0
93263,0,0.021100241555912298,0
95717,0,0.021082104633101787,0
95459,0,0.02102030629053906,0
92561,0,0.020959499817242634,0
93627,0,0.020927633722461716,0
95669,0,0.02073623882982812,0
93268,0,0.02065441255437703,0
93505,0,0.020646703610009375,0
95956,0,0.0206425805420137,0
93513,0,0.020543326095076198,0
95341,0,0.020372045005198937,0
92251,0,0.020364923910543835,0
93518,0,0.02026964291754337,0
93242,0,0.02019515758927357,0
92333,0,0.01987952579223718,0
95639,0,0.019692007644308163,0
93620,0,0.0196876389524018,0
95043,0,0.019558146946298077,0
93960,0,0.019342555145842256,0
95493,0,0.01933307366544643,0
96093,0,0.019257936860173047,0
96057,0,0.019233730964587477,0
95333,0,0.019223078880635746,0
96094,0,0.01919050666992697,0
95953,0,0.01888448914262284,0
92066,0,0.018871375956536197,0
95653,0,0.018831198328353664,0
95423,0,0.018788676003647403,0
96096,0,0.018702438417013585,0
95939,0,0.01869372125001027,0
96113,0,0.018631067438146746,0
96064,0,0.01847040014186081,0
95427,0,0.018440126539122855,0
92004,0,0.01842992577779758,0
93603,0,0.018292059464555088,0
96055,0,0.01828953659929524,0
93250,0,0.018243007587600328,0
93260,0,0.018196098214247496,0
93925,0,0.01815515826592075,0
92282,0,0.017695054403144,0
95987,0,0.017692561841214833,0
95585,0,0.017547583417024303,0
95615,0,0.017533003845643217,0
93670,0,0.017480571632812043,0
92225,0,0.017177505160734782,0
95525,0,0.017138690169226437,0
92268,0,0.017071218369948207,0
95666,0,0.017065528651888942,0
94528,0,0.017058578585101236,0
95919,0,0.016993110736137587,0
90011,0,0.016961879313162172,0
93618,0,0.01684687770352891,0
90001,0,0.01670046387498868,0
95470,0,0.016610497947017282,0
95432,0,0.01650802697156198,0
95317,0,0.016232796549590204,0
95547,0,0.01622391481118145,0
95936,0,0.016217005840070114,0
95589,0,0.01619045112504147,0
96101,0,0.016141436528473833,0
95601,0,0.01611062590121997,0
95255,0,0.01606857599452128,0
95230,0,0.016025120284767703,0
95679,0,0.015803690518830522,0
96118,0,0.0157808701946917,0
95543,0,0.015728382145401322,0
92249,0,0.01572319473911917,0
95922,0,0.015714945771657853,0
96091,0,0.015621205534373277,0
95442,0,0.015501294860796237,0
96062,0,0.01549450713988098,0
95726,0,0.015308773216289501,0
95568,0,0.015266763975085364,0
96038,0,0.015206949319714023,0
95328,0,0.015117868939260872,0
93280,0,0.01511054305464022,0
95606,0,0.015001243002976438,0
95545,0,0.014841925887950809,0
95984,0,0.014820834399992806,0
95957,0,0.014650721997471628,0
95417,0,0.014506293750304138,0
92230,0,0.014305228458735995,0
93218,0,0.014214567870637199,0
95310,0,0.014135465100906592,0
93286,0,0.014116609175192009,0
95323,0,0.01408990287354512,0
96023,0,0.0140626534173378,0
94511,0,0.01390169803109947,0
93638,0,0.013756594202636327,0
95388,0,0.013643414694292708,0
93272,0,0.013619494683905213,0
95645,0,0.013399060000404223,0
93434,0,0.013284803153184806,0
92257,0,0.013262651096853262,0
96024,0,0.013181338474247484,0
93227,0,0.01314420619063359,0
93954,0,0.013141755720036176,0
92231,0,0.013084789700039444,0
93453,0,0.013045527250621757,0
92328,0,0.013041794044786871,0
93650,0,0.012888122208272065,0
93656,0,0.012714890023365235,0
96041,0,0.012648008720459387,0
95714,0,0.012639504896524024,0
95914,0,0.01263332375660376,0
93210,0,0.012446756920354126,0
93252,0,0.01226390908604716,0
95970,0,0.012202508251165964,0
93235,0,0.012195109009992128,0
93206,0,0.012168907197743488,0
96032,0,0.012113904970622862,0
96027,0,0.012101593715154638,0
93544,0,0.012073645204356663,0
93516,0,0.012020686238614665,0
96122,0,0.011866218918757688,0
92227,0,0.011746723741498752,0
93204,0,0.011728113683139842,0
93645,0,0.01168536416290704,0
96028,0,0.01165685440188831,0
93212,0,0.01161909973179488,0
95686,0,0.011504597525972288,0
92060,0,0.011472015325214942,0
93450,0,0.011415572325918165,0
96052,0,0.011258124306669443,0
93255,0,0.011030603590686139,0
92274,0,0.010920300058575869,0
93665,0,0.010871089961697913,0
96109,0,0.010826847284170299,0
93244,0,0.01081877297432135,0
95374,0,0.010806381283231409,0
92356,0,0.010784409294301116,0
93440,0,0.010704266342652922,0
95564,0,0.010564146324703807,0
93648,0,0.010508780654453619,0
93668,0,0.010450029630413162,0
96020,0,0.010339030366724091,0
93224,0,0.009983926113896126,0
93203,0,0.009896936467680077,0
93276,0,0.009848216912335252,0
96059,0,0.009758152551616429,0
95986,0,0.009666159063514222,0
95641,0,0.009476656344000776,0
93249,0,0.009458447099537732,0
93701,0,0.009424075492585433,0
93208,0,0.00935985746917989,0
95943,0,0.009347753170936089,0
95951,0,0.009339561298025248,0
95674,0,0.009267005101065718,0
93256,0,0.009219777058417457,0
96013,0,0.00910799592692638,0
93270,0,0.009107523135199535,0
95950,0,0.008986010649904478,0
92275,0,0.008966648986221615,0
96014,0,0.008959524355941132,0
93283,0,0.00871234149505607,0
93615,0,0.008475679739247623,0
90021,0,0.00840065101463876,0
96075,0,0.008392182628252866,0
96054,0,0.00820269425317262,0
93285,0,0.008128064221225029,0
93673,0,0.00802948200337883,0
96134,0,0.007987422026541388,0
95257,0,0.007838249495035511,0
93239,0,0.007794978640924589,0
93241,0,0.007694186755410362,0
95979,0,0.007652532356032388,0
93266,0,0.007622162406189731,0
95546,0,0.007580851844269745,0
95983,0,0.007564272440024649,0
95429,0,0.00750977593839465,0
95223,0,0.007456744048434189,0
92233,0,0.007383877137892258,0
93601,0,0.007375452718119206,0
95548,0,0.0073544066797321134,0
96016,0,0.007280087673329437,0
96044,0,0.007229747868647712,0
95537,0,0.007223537841546629,0
92309,0,0.0072021898676115905,0
95595,0,0.007186802617733072,0
92250,0,0.007152373825740352,0
93267,0,0.007011222341032855,0
96051,0,0.006866879619408433,0
93562,0,0.006821946908664128,0
93606,0,0.006617575434478715,0
91934,0,0.006553892430558021,0
93247,0,0.006519338718369914,0
93223,0,0.00648536325960003,0
95346,0,0.006434154705458501,0
92254,0,0.006418243944141588,0
93219,0,0.006389990714933417,0
92365,0,0.006336325407599443,0
95428,0,0.006085433096802196,0
95565,0,0.005894886007626136,0
95369,0,0.005697666243892167,0
92341,0,0.005608185007776735,0
95555,0,0.005578317367593929,0
95232,0,0.005540583900437168,0
96050,0,0.005433641591646706,0
94922,0,0.0053961818109327184,0
93643,0,0.005388493307487375,0
92363,0,0.005386309120387563,0
93646,0,0.005383668316692269,0
95960,0,0.005373460082508975,0
93932,0,0.005364099060050724,0
96048,0,0.005293652773522762,0
93641,0,0.005241474684831432,0
96039,0,0.005138455954344533,0
96086,0,0.00509862574258395,0
93640,0,0.005088594741525023,0
93647,0,0.005074553723739562,0
96112,0,0.005006040243812824,0
93205,0,0.005002709151838799,0
96017,0,0.004898281478628336,0
95941,0,0.004801312376486839,0
92242,0,0.004789974029489669,0
96120,0,0.004788880507071464,0
93527,0,0.004730422772649131,0
93616,0,0.004484390499734431,0
93234,0,0.004419925446432249,0
95697,0,0.004320325274002209,0
93426,0,0.004126207272492976,0
95365,0,0.0041079281064960015,0
92321,0,0.003989199496292832,0
96069,0,0.003957304050034461,0
93608,0,0.003929129234684349,0
93666,0,0.003923038202583892,0
95454,0,0.003651862426442908,0
94060,0,0.0035429708283611075,0
93207,0,0.003442658385722532,0
93624,0,0.0033323926836406454,0
96137,0,0.0030825746139563513,0
95233,0,0.003069938006297607,0
95930,0,0.0030366056760305835,0
93660,0,0.003016657619927301,0
95947,0,0.002957195021915798,0
95526,0,0.0029377906989609126,0
95528,0,0.002879875474107616,0
92283,0,0.002871040734559703,0
95676,0,0.002791364763610533,0
95916,0,0.002684840969863957,0
92210,0,0.002683989036025216,0
92281,0,0.0026636311959874516,0
93258,0,0.0026526900042518663,0
93261,0,0.002634678410896014,0
93622,0,0.002577656222546666,0
92258,0,0.002519337528596152,0
93201,0,0.002471520800247524,0
94104,0,0.0022231388487755008,0
93652,0,0.0022150765889841976,0
96047,0,0.002119960062705159,0
92273,0,0.0019494613288813494,0
92398,0,0.0018929796665882494,0
95567,0,0.001813806886222041,0
96046,0,0.0017440879386663795,0
93251,0,0.0016867205895973992,0
96065,0,0.001668614300950988,0
96068,0,0.0016481793366845735,0
95225,0,0.001402671133977085,0
96011,0,0.0013738279447635857,0
95511,0,0.00133298905589534,0
95303,0,0.0010917490956677243,0
92347,0,0.0010807707749597951,0
92259,0,0.00100607557926462,0
95920,0,0.0008711555011012967,0
95552,0,0.0007027337099994591,0
95910,0,0.0005022035617600827,0
90073,0,0.0003766770076287343,0
91905,0,0.0002822438420435132,0
95248,0,0.00024324013748824871,0
95443,0,0.00013603260418867624,0
92327,0,0.00012954784644288758,0
90071,0,2.422978143054338e-05,0
